name,link
El Farolito,https://www.yelp.com/biz/el-farolito-san-francisco-2?osq=tacos
Tacorea,https://www.yelp.com/biz/tacorea-san-francisco?osq=tacos
Glena’s,https://www.yelp.com/biz/glenas-san-francisco?osq=tacos
La Taqueria,https://www.yelp.com/biz/la-taqueria-san-francisco-2?osq=tacos
Street Taco,https://www.yelp.com/biz/street-taco-san-francisco?osq=tacos
Taqueria Guadalajara,https://www.yelp.com/biz/taqueria-guadalajara-san-francisco?osq=tacos
Taqueria Vallarta,https://www.yelp.com/biz/taqueria-vallarta-san-francisco?osq=tacos
Panucho’s,https://www.yelp.com/biz/panuchos-san-francisco?osq=tacos
Garaje,https://www.yelp.com/biz/garaje-san-francisco?osq=tacos
Taqueria Cancún,https://www.yelp.com/biz/taqueria-canc%C3%BAn-san-francisco-5?osq=tacos
Nick’s Crispy Tacos,https://www.yelp.com/biz/nicks-crispy-tacos-san-francisco-2?osq=tacos
Garaje,https://www.yelp.com/biz/garaje-san-francisco?osq=tacos
Taqueria Cancún,https://www.yelp.com/biz/taqueria-canc%C3%BAn-san-francisco-5?osq=tacos
Tacolicious,https://www.yelp.com/biz/tacolicious-san-francisco?osq=tacos
Pancho Villa Taqueria,https://www.yelp.com/biz/pancho-villa-taqueria-san-francisco?osq=tacos
Tacorgasmico,https://www.yelp.com/biz/tacorgasmico-san-francisco?osq=tacos
Tacos Club,https://www.yelp.com/biz/tacos-club-san-francisco?osq=tacos
Don Pisto’s,https://www.yelp.com/biz/don-pistos-san-francisco-2?osq=tacos
Taco Bar,https://www.yelp.com/biz/taco-bar-san-francisco?osq=tacos
Papito Potrero Hill,https://www.yelp.com/biz/papito-potrero-hill-san-francisco?osq=tacos
Tropisueño,https://www.yelp.com/biz/tropisue%C3%B1o-san-francisco-3?osq=tacos
Taqueria El Farolito,https://www.yelp.com/biz/taqueria-el-farolito-san-francisco?osq=tacos
Matador,https://www.yelp.com/biz/matador-san-francisco-2?osq=tacos
Papito Potrero Hill,https://www.yelp.com/biz/papito-potrero-hill-san-francisco?osq=tacos
Taqueria Los Coyotes,https://www.yelp.com/biz/taqueria-los-coyotes-san-francisco?osq=tacos
Tacolicious,https://www.yelp.com/biz/tacolicious-san-francisco?osq=tacos
HRD,https://www.yelp.com/biz/hrd-san-francisco-4?osq=tacos
Tacos Club,https://www.yelp.com/biz/tacos-club-san-francisco?osq=tacos
La Oaxaqueña,https://www.yelp.com/biz/la-oaxaque%C3%B1a-san-francisco-2?osq=tacos
El Farolito,https://www.yelp.com/biz/el-farolito-san-francisco?osq=tacos
Taqueria Castillo Mason,https://www.yelp.com/biz/taqueria-castillo-mason-san-francisco?osq=tacos
El Castillito,https://www.yelp.com/biz/el-castillito-san-francisco-2?osq=tacos
El Rancho Grande,https://www.yelp.com/biz/el-rancho-grande-san-francisco?osq=tacos
La Palma Mexicatessen,https://www.yelp.com/biz/la-palma-mexicatessen-san-francisco?osq=tacos
El Buen Comer,https://www.yelp.com/biz/el-buen-comer-san-francisco-3?osq=tacos
Tacko,https://www.yelp.com/biz/tacko-san-francisco?osq=tacos
Tacos El Primo,https://www.yelp.com/biz/tacos-el-primo-san-francisco-2?osq=tacos
San Pancho’s Tacos,https://www.yelp.com/biz/san-panchos-tacos-san-francisco?osq=tacos
The Little Chihuahua,https://www.yelp.com/biz/the-little-chihuahua-san-francisco?osq=tacos
Taqueria Guadalajara,https://www.yelp.com/biz/taqueria-guadalajara-san-francisco-2?osq=tacos
Tacolicious,https://www.yelp.com/biz/tacolicious-san-francisco-7?osq=tacos
Gordo Taqueria,https://www.yelp.com/biz/gordo-taqueria-san-francisco-2?osq=tacos
The Castro Republic,https://www.yelp.com/biz/the-castro-republic-san-francisco?osq=tacos
Padrecito,https://www.yelp.com/biz/padrecito-san-francisco?osq=tacos
El Metate Restaurant,https://www.yelp.com/biz/el-metate-restaurant-san-francisco?osq=tacos
El Gallo Giro Taco Truck,https://www.yelp.com/biz/el-gallo-giro-taco-truck-san-francisco-2?osq=tacos
Mezcalito,https://www.yelp.com/biz/mezcalito-san-francisco?osq=tacos
Los Hermanos Taqueria,https://www.yelp.com/biz/los-hermanos-taqueria-san-francisco?osq=tacos
Garajito,https://www.yelp.com/biz/garajito-san-francisco?osq=tacos
Nopalito,https://www.yelp.com/biz/nopalito-san-francisco-3?osq=tacos
La Corneta Taqueria,https://www.yelp.com/biz/la-corneta-taqueria-san-francisco-2?osq=tacos
Toma,https://www.yelp.com/biz/toma-san-francisco?osq=tacos
Bayshore Taqueria,https://www.yelp.com/biz/bayshore-taqueria-san-francisco?osq=tacos
La Corneta Taqueria,https://www.yelp.com/biz/la-corneta-taqueria-san-francisco?osq=tacos
Uno Dos Tacos,https://www.yelp.com/biz/uno-dos-tacos-san-francisco-3?osq=tacos
Azucar Lounge,https://www.yelp.com/biz/azucar-lounge-san-francisco-4?osq=tacos
El Norteno Taco Truck,https://www.yelp.com/biz/el-norteno-taco-truck-san-francisco?osq=tacos
Californios,https://www.yelp.com/biz/californios-san-francisco?osq=tacos
Papalote Mexican Grill,https://www.yelp.com/biz/papalote-mexican-grill-san-francisco?osq=tacos
Papito Hayes,https://www.yelp.com/biz/papito-hayes-san-francisco?osq=tacos
Taqueria Cazadores,https://www.yelp.com/biz/taqueria-cazadores-san-francisco-2?osq=tacos
Tacos & Tapas Cala,https://www.yelp.com/biz/tacos-and-tapas-cala-san-francisco-2?osq=tacos
Cholita Linda,https://www.yelp.com/biz/cholita-linda-san-francisco?osq=tacos
Taqueria San Francisco,https://www.yelp.com/biz/taqueria-san-francisco-san-francisco?osq=tacos
Taqueria El Castillito Star,https://www.yelp.com/biz/taqueria-el-castillito-star-san-francisco?osq=tacos
El Tonayense Taco Truck,https://www.yelp.com/biz/el-tonayense-taco-truck-san-francisco-8?osq=tacos
El Burrito Express 2,https://www.yelp.com/biz/el-burrito-express-2-san-francisco?osq=tacos
La Espiga De Oro,https://www.yelp.com/biz/la-espiga-de-oro-san-francisco?osq=tacos
Gracias Madre,https://www.yelp.com/biz/gracias-madre-san-francisco?osq=tacos
El Farolito,https://www.yelp.com/biz/el-farolito-san-francisco-4?osq=tacos
Fritas Tacos,https://www.yelp.com/biz/fritas-tacos-san-francisco-4?osq=tacos
Los Compadres Taco Truck,https://www.yelp.com/biz/los-compadres-taco-truck-san-francisco-2?osq=tacos
Olivo’s,https://www.yelp.com/biz/olivos-san-francisco?osq=tacos
Poc-Chuc,https://www.yelp.com/biz/poc-chuc-san-francisco?osq=tacos
Don Pistos Tequila Bar,https://www.yelp.com/biz/don-pistos-tequila-bar-san-francisco?osq=tacos
Streets Eat Street Food,https://www.yelp.com/biz/streets-eat-street-food-san-francisco?osq=tacos
Mosto,https://www.yelp.com/biz/mosto-san-francisco?osq=tacos
San Jalisco,https://www.yelp.com/biz/san-jalisco-san-francisco-2?osq=tacos
TacoBar,https://www.yelp.com/biz/tacobar-san-francisco?osq=tacos
Primavera,https://www.yelp.com/biz/primavera-san-francisco?osq=tacos
Nopalito,https://www.yelp.com/biz/nopalito-san-francisco?osq=tacos
El Rancho Grande,https://www.yelp.com/biz/el-rancho-grande-san-francisco-3?osq=tacos
Tortas Los Picudos,https://www.yelp.com/biz/tortas-los-picudos-san-francisco?osq=tacos
Cinco De Mayo Taqueria,https://www.yelp.com/biz/cinco-de-mayo-taqueria-san-francisco?osq=tacos
CALA,https://www.yelp.com/biz/cala-san-francisco-2?osq=tacos
Los Panchos,https://www.yelp.com/biz/los-panchos-san-francisco?osq=tacos
Velvet Cantina,https://www.yelp.com/biz/velvet-cantina-san-francisco?osq=tacos
El Taco Loco The Original,https://www.yelp.com/biz/el-taco-loco-the-original-san-francisco?osq=tacos
Tacolicious,https://www.yelp.com/biz/tacolicious-san-francisco-8?osq=tacos
Gallardos Mexican Restaurant,https://www.yelp.com/biz/gallardos-mexican-restaurant-san-francisco?osq=tacos
Mexican Grill,https://www.yelp.com/biz/mexican-grill-san-francisco?osq=tacos
Red Rooster Tacos,https://www.yelp.com/biz/red-rooster-tacos-san-francisco?osq=tacos
Taco Los Altos,https://www.yelp.com/biz/taco-los-altos-san-francisco?osq=tacos
Dos Piñas,https://www.yelp.com/biz/dos-pi%C3%B1as-san-francisco-2?osq=tacos
Doña Tere’s Market,https://www.yelp.com/biz/do%C3%B1a-teres-market-san-francisco-3?osq=tacos
Taqueria Cancun,https://www.yelp.com/biz/taqueria-cancun-san-francisco-3?osq=tacos
Chino’s Taqueria,https://www.yelp.com/biz/chinos-taqueria-san-francisco?osq=tacos
Mr. Nice,https://www.yelp.com/biz/mr-nice-san-francisco-2?osq=tacos
La Laguna Taqueria,https://www.yelp.com/biz/la-laguna-taqueria-san-francisco?osq=tacos
Taqueria Cancun,https://www.yelp.com/biz/taqueria-cancun-san-francisco?osq=tacos
Mr. Nice,https://www.yelp.com/biz/mr-nice-san-francisco-2?osq=tacos
Bonita Taqueria Y Rotisserie,https://www.yelp.com/biz/bonita-taqueria-y-rotisserie-san-francisco?osq=tacos
El Huarache Loco,https://www.yelp.com/biz/el-huarache-loco-san-francisco?osq=tacos
CALA,https://www.yelp.com/biz/cala-san-francisco-2?osq=tacos
Taqueria Vallarta,https://www.yelp.com/biz/taqueria-vallarta-san-francisco-3?osq=tacos
Cinco De Mayo Taqueria,https://www.yelp.com/biz/cinco-de-mayo-taqueria-san-francisco?osq=tacos
Powered By Pork,https://www.yelp.com/biz/powered-by-pork-san-francisco-2?osq=tacos
Los Poblanos,https://www.yelp.com/biz/los-poblanos-san-francisco?osq=tacos
Los Colores Taqueria & Grill,https://www.yelp.com/biz/los-colores-taqueria-and-grill-san-francisco?osq=tacos
Taco Bell Cantina,https://www.yelp.com/biz/taco-bell-cantina-san-francisco-2?osq=tacos
Taqueria San Jose,https://www.yelp.com/biz/taqueria-san-jose-san-francisco?osq=tacos
El Tesoro Taqueria & Grill,https://www.yelp.com/biz/el-tesoro-taqueria-and-grill-san-francisco?osq=tacos
Olivo’s,https://www.yelp.com/biz/olivos-san-francisco?osq=tacos
San Jalisco,https://www.yelp.com/biz/san-jalisco-san-francisco-2?osq=tacos
Velvet Cantina,https://www.yelp.com/biz/velvet-cantina-san-francisco?osq=tacos
San Buena Taco Truck,https://www.yelp.com/biz/san-buena-taco-truck-san-francisco-2?osq=tacos
Tlaloc Sabor Mexicano,https://www.yelp.com/biz/tlaloc-sabor-mexicano-san-francisco-2?osq=tacos
Taqueria Zorro,https://www.yelp.com/biz/taqueria-zorro-san-francisco?osq=tacos
El Tonayense,https://www.yelp.com/biz/el-tonayense-san-francisco-8?osq=tacos
El Ojo De Agua,https://www.yelp.com/biz/el-ojo-de-agua-san-francisco-3?osq=tacos
Bonita Taqueria Y Rotisserie,https://www.yelp.com/biz/bonita-taqueria-y-rotisserie-san-francisco?osq=tacos
Taqueria El Castillito,https://www.yelp.com/biz/taqueria-el-castillito-san-francisco-3?osq=tacos
El Sol Taqueria,https://www.yelp.com/biz/el-sol-taqueria-san-francisco?osq=tacos
Altena Restaurant,https://www.yelp.com/biz/altena-restaurant-san-francisco?osq=tacos
Taqueria El Buen Sabor no.2,https://www.yelp.com/biz/taqueria-el-buen-sabor-no-2-san-francisco?osq=tacos
La Santaneca,https://www.yelp.com/biz/la-santaneca-san-francisco?osq=tacos
Gordo Taqueria,https://www.yelp.com/biz/gordo-taqueria-san-francisco?osq=tacos
Don Chuys Mexi-Mercado,https://www.yelp.com/biz/don-chuys-mexi-mercado-san-francisco?osq=tacos
Caramba,https://www.yelp.com/biz/caramba-san-francisco?osq=tacos
The City Taqueria,https://www.yelp.com/biz/the-city-taqueria-san-francisco-3?osq=tacos
El Toreador Restaurant,https://www.yelp.com/biz/el-toreador-restaurant-san-francisco-2?osq=tacos
Victor’s,https://www.yelp.com/biz/victors-san-francisco-2?osq=tacos
Taqueria Zorro,https://www.yelp.com/biz/taqueria-zorro-san-francisco?osq=tacos
Cantina Verde,https://www.yelp.com/biz/cantina-verde-san-francisco?osq=tacos
Taqueria San Jose,https://www.yelp.com/biz/taqueria-san-jose-san-francisco?osq=tacos
El Tomate Restaurant,https://www.yelp.com/biz/el-tomate-restaurant-san-francisco-2?osq=tacos
Celia’s By The Beach,https://www.yelp.com/biz/celias-by-the-beach-san-francisco?osq=tacos
El Super Burrito,https://www.yelp.com/biz/el-super-burrito-san-francisco?osq=tacos
Taqueria Los Amigos,https://www.yelp.com/biz/taqueria-los-amigos-san-francisco?osq=tacos
La Playa Taqueria,https://www.yelp.com/biz/la-playa-taqueria-san-francisco?osq=tacos
Los Hermanos Mexican Food,https://www.yelp.com/biz/los-hermanos-mexican-food-san-francisco?osq=tacos
Mexico au Parc,https://www.yelp.com/biz/mexico-au-parc-san-francisco?osq=tacos
Tacolicious,https://www.yelp.com/biz/tacolicious-san-francisco-6?osq=tacos
Los Poblanos,https://www.yelp.com/biz/los-poblanos-san-francisco?osq=tacos
Taco Bell Cantina,https://www.yelp.com/biz/taco-bell-cantina-san-francisco-2?osq=tacos
Los Colores Taqueria & Grill,https://www.yelp.com/biz/los-colores-taqueria-and-grill-san-francisco?osq=tacos
El Tonayense Taco Truck,https://www.yelp.com/biz/el-tonayense-taco-truck-san-francisco-2?osq=tacos
Pasilla Mexican Grill,https://www.yelp.com/biz/pasilla-mexican-grill-san-francisco?osq=tacos
El Pollo Supremo,https://www.yelp.com/biz/el-pollo-supremo-san-francisco-5?osq=tacos
Rubio’s,https://www.yelp.com/biz/rubios-san-francisco-3?osq=tacos
Pancho’s Salsa Bar & Grill,https://www.yelp.com/biz/panchos-salsa-bar-and-grill-san-francisco-2?osq=tacos
Taqueria Vallarta,https://www.yelp.com/biz/taqueria-vallarta-san-francisco-4?osq=tacos
Orale Orale,https://www.yelp.com/biz/orale-orale-san-francisco?osq=tacos
Bar San Pancho,https://www.yelp.com/biz/bar-san-pancho-san-francisco?osq=tacos
Belmar - La Gallinita Meat Market,https://www.yelp.com/biz/belmar-la-gallinita-meat-market-san-francisco?osq=tacos
Gordo Taqueria,https://www.yelp.com/biz/gordo-taqueria-san-francisco-3?osq=tacos
La Canasta,https://www.yelp.com/biz/la-canasta-san-francisco?osq=tacos
The Little Chihuahua,https://www.yelp.com/biz/the-little-chihuahua-san-francisco-3?osq=tacos
Sabrosa,https://www.yelp.com/biz/sabrosa-san-francisco?osq=tacos
Taqueria La Iguana Azul,https://www.yelp.com/biz/taqueria-la-iguana-azul-san-francisco?osq=tacos
Publico Urban Taqueria,https://www.yelp.com/biz/publico-urban-taqueria-san-francisco-3?osq=tacos
Blue Iguana Taco Truck,https://www.yelp.com/biz/blue-iguana-taco-truck-san-francisco?osq=tacos
San Buena Taco Truck,https://www.yelp.com/biz/san-buena-taco-truck-san-francisco-2?osq=tacos
Los Compadres Taco Truck,https://www.yelp.com/biz/los-compadres-taco-truck-san-francisco?osq=tacos
Los Compadres Taco Truck,https://www.yelp.com/biz/los-compadres-taco-truck-san-francisco-3?osq=tacos
Taqueria La Cumbre,https://www.yelp.com/biz/taqueria-la-cumbre-san-francisco?osq=tacos
La Placita Mexicatessen,https://www.yelp.com/biz/la-placita-mexicatessen-san-francisco?osq=tacos
La Paz Restaurant Pupuseria,https://www.yelp.com/biz/la-paz-restaurant-pupuseria-san-francisco?osq=tacos
Taqueria El Jalapeno,https://www.yelp.com/biz/taqueria-el-jalapeno-san-francisco?osq=tacos
Los Yaquis,https://www.yelp.com/biz/los-yaquis-san-francisco?osq=tacos
Burrito Loco,https://www.yelp.com/biz/burrito-loco-san-francisco?osq=tacos
Cadillac Bar & Grill,https://www.yelp.com/biz/cadillac-bar-and-grill-san-francisco?osq=tacos
El Azteca Taqueria,https://www.yelp.com/biz/el-azteca-taqueria-san-francisco?osq=tacos
Taqueria Dos Amigos,https://www.yelp.com/biz/taqueria-dos-amigos-san-francisco-4?osq=tacos
Tommy’s,https://www.yelp.com/biz/tommys-san-francisco-2?osq=tacos
El Tonayense,https://www.yelp.com/biz/el-tonayense-san-francisco-8?osq=tacos
Tres Tequila Lounge & Mexican Kitchen,https://www.yelp.com/biz/tres-tequila-lounge-and-mexican-kitchen-san-francisco?osq=tacos
Chavitas,https://www.yelp.com/biz/chavitas-san-francisco?osq=tacos
La Tortilla,https://www.yelp.com/biz/la-tortilla-san-francisco?osq=tacos
Mercedes Restaurant,https://www.yelp.com/biz/mercedes-restaurant-san-francisco?osq=tacos
Mercedes Restaurant,https://www.yelp.com/biz/mercedes-restaurant-san-francisco?osq=tacos
La Quinta Restaurant,https://www.yelp.com/biz/la-quinta-restaurant-san-francisco?osq=tacos
Taqueria Vallarta,https://www.yelp.com/biz/taqueria-vallarta-san-francisco-3?osq=tacos
Publico Urban Taqueria,https://www.yelp.com/biz/publico-urban-taqueria-san-francisco-5?osq=tacos
El Castillito,https://www.yelp.com/biz/el-castillito-san-francisco-4?osq=tacos
Chico’s Grill,https://www.yelp.com/biz/chicos-grill-san-francisco?osq=tacos
El Gran Taco Loco,https://www.yelp.com/biz/el-gran-taco-loco-san-francisco?osq=tacos
Yucatasia,https://www.yelp.com/biz/yucatasia-san-francisco?osq=tacos
Tia Margarita Mexican Restaurant,https://www.yelp.com/biz/tia-margarita-mexican-restaurant-san-francisco?osq=tacos
Pepe’s Taqueria,https://www.yelp.com/biz/pepes-taqueria-san-francisco?osq=tacos
Taqueria Estrella,https://www.yelp.com/biz/taqueria-estrella-san-francisco?osq=tacos
Rosa Mexicano,https://www.yelp.com/biz/rosa-mexicano-san-francisco?osq=tacos
Don Ramon’s,https://www.yelp.com/biz/don-ramons-san-francisco-2?osq=tacos
Opera Plaza Deli & Taqueria,https://www.yelp.com/biz/opera-plaza-deli-and-taqueria-san-francisco?osq=tacos
Casa Mexicana,https://www.yelp.com/biz/casa-mexicana-san-francisco?osq=tacos
The Iron Cactus,https://www.yelp.com/biz/the-iron-cactus-san-francisco?osq=tacos
La Torta Gorda,https://www.yelp.com/biz/la-torta-gorda-san-francisco?osq=tacos
Los Reyes Restaurant,https://www.yelp.com/biz/los-reyes-restaurant-san-francisco?osq=tacos
La Fonda,https://www.yelp.com/biz/la-fonda-san-francisco?osq=tacos
Roosevelt Sip N Eat,https://www.yelp.com/biz/roosevelt-sip-n-eat-san-francisco?osq=tacos
Taqueria Girasol,https://www.yelp.com/biz/taqueria-girasol-san-francisco?osq=tacos
The Little Chihuahua,https://www.yelp.com/biz/the-little-chihuahua-san-francisco-4?osq=tacos
Pedro’s Cantina,https://www.yelp.com/biz/pedros-cantina-san-francisco?osq=tacos
Mijita,https://www.yelp.com/biz/mijita-san-francisco?osq=tacos
Los Colores Taqueria & Grill,https://www.yelp.com/biz/los-colores-taqueria-and-grill-san-francisco?osq=tacos
Chico’s Grill,https://www.yelp.com/biz/chicos-grill-san-francisco?osq=tacos
San Buena Taco Truck,https://www.yelp.com/biz/san-buena-taco-truck-san-francisco-4?osq=tacos
Zona Rosa,https://www.yelp.com/biz/zona-rosa-san-francisco?osq=tacos
El Ojo De Agua,https://www.yelp.com/biz/el-ojo-de-agua-san-francisco-3?osq=tacos
Tacos Santana Taco Truck,https://www.yelp.com/biz/tacos-santana-taco-truck-san-francisco?osq=tacos
San Buena Taco Truck,https://www.yelp.com/biz/san-buena-taco-truck-san-francisco-4?osq=tacos
Zona Rosa,https://www.yelp.com/biz/zona-rosa-san-francisco?osq=tacos
El Ojo De Agua,https://www.yelp.com/biz/el-ojo-de-agua-san-francisco-3?osq=tacos
Tacos Santana Taco Truck,https://www.yelp.com/biz/tacos-santana-taco-truck-san-francisco?osq=tacos
Comida Yucatan,https://www.yelp.com/biz/comida-yucatan-san-francisco?osq=tacos
Las Margaritas Restaurant and Cantina,https://www.yelp.com/biz/las-margaritas-restaurant-and-cantina-san-francisco?osq=tacos
Alfaro Catering,https://www.yelp.com/biz/alfaro-catering-san-francisco-2?osq=tacos
El Beach Burrito,https://www.yelp.com/biz/el-beach-burrito-san-francisco?osq=tacos
Las Isletas Restaurant,https://www.yelp.com/biz/las-isletas-restaurant-san-francisco?osq=tacos
Tacos San Buena,https://www.yelp.com/biz/tacos-san-buena-san-francisco-2?osq=tacos
Mz Liz,https://www.yelp.com/biz/mz-liz-san-francisco?osq=tacos
Puerto Alegre,https://www.yelp.com/biz/puerto-alegre-san-francisco?osq=tacos
Taco Bell,https://www.yelp.com/biz/taco-bell-san-francisco-9?osq=tacos
Tio Chilo’s Grill,https://www.yelp.com/biz/tio-chilos-grill-san-francisco?osq=tacos
El Faro,https://www.yelp.com/biz/el-faro-san-francisco-3?osq=tacos
Emanuel Coffee,https://www.yelp.com/biz/emanuel-coffee-san-francisco-4?osq=tacos
El Toro Taqueria,https://www.yelp.com/biz/el-toro-taqueria-san-francisco?osq=tacos
Casa Mexicana II,https://www.yelp.com/biz/casa-mexicana-ii-san-francisco?osq=tacos
Regalito Rosticeria,https://www.yelp.com/biz/regalito-rosticeria-san-francisco?osq=tacos
Restaurante Familiar,https://www.yelp.com/biz/restaurante-familiar-san-francisco?osq=tacos
La Fisheria,https://www.yelp.com/biz/la-fisheria-san-francisco?osq=tacos
Arguello,https://www.yelp.com/biz/arguello-san-francisco?osq=tacos
Dolce,https://www.yelp.com/biz/dolce-san-francisco-2?osq=tacos
Las Brisas de Acapulco,https://www.yelp.com/biz/las-brisas-de-acapulco-san-francisco?osq=tacos
Carmelina’s Taqueria,https://www.yelp.com/biz/carmelinas-taqueria-san-francisco?osq=tacos
El Buen Comer,https://www.yelp.com/biz/el-buen-comer-san-francisco-6?osq=tacos
Puerto Alegre Restaurant No 2,https://www.yelp.com/biz/puerto-alegre-restaurant-no-2-san-francisco?osq=tacos
Box Kitchen,https://www.yelp.com/biz/box-kitchen-san-francisco?osq=tacos
Castillito Yucateco,https://www.yelp.com/biz/castillito-yucateco-san-francisco-5?osq=tacos
Little Joe’s Pizzeria,https://www.yelp.com/biz/little-joes-pizzeria-san-francisco?osq=tacos
Cantina Verde,https://www.yelp.com/biz/cantina-verde-san-francisco?osq=tacos
The Boardroom,https://www.yelp.com/biz/the-boardroom-san-francisco?osq=tacos
Prosper,https://www.yelp.com/biz/prosper-san-francisco-5?osq=tacos
Pedro’s Cantina,https://www.yelp.com/biz/pedros-cantina-san-francisco?osq=tacos
Roosevelt Sip N Eat,https://www.yelp.com/biz/roosevelt-sip-n-eat-san-francisco?osq=tacos
La Torta Gorda,https://www.yelp.com/biz/la-torta-gorda-san-francisco?osq=tacos
Puerto Alegre,https://www.yelp.com/biz/puerto-alegre-san-francisco?osq=tacos
Victor’s,https://www.yelp.com/biz/victors-san-francisco-2?osq=tacos
Taqueria Estrella,https://www.yelp.com/biz/taqueria-estrella-san-francisco?osq=tacos
El Azteca Taqueria,https://www.yelp.com/biz/el-azteca-taqueria-san-francisco?osq=tacos
Playa Azul - Temp. CLOSED,https://www.yelp.com/biz/playa-azul-san-francisco?osq=tacos
Las Cocineras Restaurant,https://www.yelp.com/biz/las-cocineras-restaurant-san-francisco?osq=tacos
Beyond The Border,https://www.yelp.com/biz/beyond-the-border-san-francisco?osq=tacos
Taco Bell,https://www.yelp.com/biz/taco-bell-san-francisco-14?osq=tacos
Off the Grid: 5M,https://www.yelp.com/biz/off-the-grid-5m-san-francisco?osq=tacos
Taqueria La Paz,https://www.yelp.com/biz/taqueria-la-paz-san-francisco-2?osq=tacos
Reinas Restaurant,https://www.yelp.com/biz/reinas-restaurant-san-francisco?osq=tacos
Last Drop Tavern,https://www.yelp.com/biz/last-drop-tavern-san-francisco?osq=tacos
Los Cuates Taqueria - Daly City,https://www.yelp.com/biz/los-cuates-taqueria-daly-city-daly-city?osq=tacos
Redford,https://www.yelp.com/biz/redford-san-francisco-2?osq=tacos
Taco Bell,https://www.yelp.com/biz/taco-bell-san-francisco?osq=tacos
The Codmother Fish and Chips,https://www.yelp.com/biz/the-codmother-fish-and-chips-san-francisco?osq=tacos
Señor Sisig,https://www.yelp.com/biz/se%C3%B1or-sisig-san-francisco-3?osq=tacos
Los Metates,https://www.yelp.com/biz/los-metates-daly-city?osq=tacos
Mango’s Taqueria and Cantina,https://www.yelp.com/biz/mangos-taqueria-and-cantina-san-francisco?osq=tacos
La Santaneca De La Mission,https://www.yelp.com/biz/la-santaneca-de-la-mission-san-francisco?osq=tacos
Go Jojo Mojo,https://www.yelp.com/biz/go-jojo-mojo-san-francisco?osq=tacos
SoMa StrEat Food Park,https://www.yelp.com/biz/soma-streat-food-park-san-francisco?osq=tacos
El Techo,https://www.yelp.com/biz/el-techo-san-francisco?osq=tacos
Las Palmas Super Burrito & Seafood,https://www.yelp.com/biz/las-palmas-super-burrito-and-seafood-san-francisco?osq=tacos
Topsy’s Fun House,https://www.yelp.com/biz/topsys-fun-house-san-francisco?osq=tacos
Taco Bell,https://www.yelp.com/biz/taco-bell-san-francisco-12?osq=tacos
Chipotle Mexican Grill,https://www.yelp.com/biz/chipotle-mexican-grill-san-francisco-4?osq=tacos
Taco Bell,https://www.yelp.com/biz/taco-bell-san-francisco-19?osq=tacos
SF Crispy Tacos,https://www.yelp.com/biz/sf-crispy-tacos-san-francisco?osq=tacos
Woodhouse Fish Company,https://www.yelp.com/biz/woodhouse-fish-company-san-francisco-3?osq=tacos
The Chairman Truck,https://www.yelp.com/biz/the-chairman-truck-san-francisco?osq=tacos
The Boardroom,https://www.yelp.com/biz/the-boardroom-san-francisco?osq=tacos
360 Degrees Gourmet Burritos,https://www.yelp.com/biz/360-degrees-gourmet-burritos-san-francisco?osq=tacos
Rumors,https://www.yelp.com/biz/rumors-san-francisco-4?osq=tacos
Rumors,https://www.yelp.com/biz/rumors-san-francisco-4?osq=tacos
Teeth SF,https://www.yelp.com/biz/teeth-sf-san-francisco?osq=tacos
Taqueria La Estrella,https://www.yelp.com/biz/taqueria-la-estrella-richmond?osq=tacos
Tacomyface,https://www.yelp.com/biz/tacomyface-san-francisco?osq=tacos
Tonight Soju Bar,https://www.yelp.com/biz/tonight-soju-bar-san-francisco?osq=tacos
Taco Bell,https://www.yelp.com/biz/taco-bell-san-francisco-15?osq=tacos
Taqueria San Bruno,https://www.yelp.com/biz/taqueria-san-bruno-san-bruno?osq=tacos
Gilberth’s Rotisserie & Grill,https://www.yelp.com/biz/gilberths-rotisserie-and-grill-san-francisco?osq=tacos
Luna Azul,https://www.yelp.com/biz/luna-azul-san-francisco?osq=tacos
Chipotle Mexican Grill,https://www.yelp.com/biz/chipotle-mexican-grill-san-francisco-18?osq=tacos
Chavitas,https://www.yelp.com/biz/chavitas-san-francisco?osq=tacos
El Grano De Oro,https://www.yelp.com/biz/el-grano-de-oro-pacifica?osq=tacos
Tommy’s,https://www.yelp.com/biz/tommys-san-francisco-2?osq=tacos
The Blue Light,https://www.yelp.com/biz/the-blue-light-san-francisco-2?osq=tacos
Casa Mexicana II,https://www.yelp.com/biz/casa-mexicana-ii-san-francisco?osq=tacos
Indilicious Cart,https://www.yelp.com/biz/indilicious-cart-san-francisco?osq=tacos
Rosa Mexicano,https://www.yelp.com/biz/rosa-mexicano-san-francisco?osq=tacos
Tacos El Paisano,https://www.yelp.com/biz/tacos-el-paisano-san-francisco-5?osq=tacos
Woodhouse Fish Company,https://www.yelp.com/biz/woodhouse-fish-company-san-francisco-3?osq=tacos
Off the Grid: Civic Center,https://www.yelp.com/biz/off-the-grid-civic-center-san-francisco-3?osq=tacos
Hella Vegan Eats,https://www.yelp.com/biz/hella-vegan-eats-san-francisco-2?osq=tacos
Off the Grid: Fort Mason Center,https://www.yelp.com/biz/off-the-grid-fort-mason-center-san-francisco-3?osq=tacos
Palm House,https://www.yelp.com/biz/palm-house-san-francisco?osq=tacos
Taco Bell,https://www.yelp.com/biz/taco-bell-san-francisco-10?osq=tacos
Presidio Picnic,https://www.yelp.com/biz/presidio-picnic-san-francisco-2?osq=tacos
Bar Basic,https://www.yelp.com/biz/bar-basic-san-francisco?osq=tacos
El Taconazo,https://www.yelp.com/biz/el-taconazo-daly-city?osq=tacos
6th and B,https://www.yelp.com/biz/6th-and-b-san-francisco-2?osq=tacos
Asiento,https://www.yelp.com/biz/asiento-san-francisco?osq=tacos
Truck Stop,https://www.yelp.com/biz/truck-stop-san-francisco?osq=tacos
Casa Latina,https://www.yelp.com/biz/casa-latina-berkeley-2?osq=tacos
La Jefa Taco Truck,https://www.yelp.com/biz/la-jefa-taco-truck-san-francisco-4?osq=tacos
Best Coast Burritos,https://www.yelp.com/biz/best-coast-burritos-emeryville?osq=tacos
Calafia Taqueria,https://www.yelp.com/biz/calafia-taqueria-alameda?osq=tacos
El Palenque Taqueria,https://www.yelp.com/biz/el-palenque-taqueria-south-san-francisco?osq=tacos
Guerrero’s Taqueria,https://www.yelp.com/biz/guerreros-taqueria-pacifica?osq=tacos
Luna Azul,https://www.yelp.com/biz/luna-azul-san-francisco?osq=tacos
Saylor’s Restaurant & Bar,https://www.yelp.com/biz/saylors-restaurant-and-bar-sausalito?osq=tacos
360 Degrees Gourmet Burritos,https://www.yelp.com/biz/360-degrees-gourmet-burritos-san-francisco?osq=tacos
La Crema,https://www.yelp.com/biz/la-crema-albany-2?osq=tacos
Louie’s Bar,https://www.yelp.com/biz/louies-bar-san-francisco?osq=tacos
Lisa’s Mexican Restaurant,https://www.yelp.com/biz/lisas-mexican-restaurant-daly-city-3?osq=tacos
Little Taqueria,https://www.yelp.com/biz/little-taqueria-san-francisco?osq=tacos
Tacos El Flaco,https://www.yelp.com/biz/tacos-el-flaco-san-francisco?osq=tacos
Off the Grid: North Beach,https://www.yelp.com/biz/off-the-grid-north-beach-san-francisco-2?osq=tacos
21st Amendment Brewpub,https://www.yelp.com/biz/21st-amendment-brewpub-san-francisco-4?osq=tacos
Grandma’s Deli & Cafe,https://www.yelp.com/biz/grandmas-deli-and-cafe-san-francisco?osq=tacos
Local Tap,https://www.yelp.com/biz/local-tap-san-francisco?osq=tacos
Madd Mex Cantina Food Truck,https://www.yelp.com/biz/madd-mex-cantina-food-truck-san-mateo-3?osq=tacos
Patriot House,https://www.yelp.com/biz/patriot-house-san-francisco?osq=tacos
Regalito Rosticeria,https://www.yelp.com/biz/regalito-rosticeria-san-francisco?osq=tacos
Don Bugito,https://www.yelp.com/biz/don-bugito-san-francisco-2?osq=tacos
Barebottle Brewing Company,https://www.yelp.com/biz/barebottle-brewing-company-san-francisco?osq=tacos
Puerto Alegre Restaurant No 2,https://www.yelp.com/biz/puerto-alegre-restaurant-no-2-san-francisco?osq=tacos
Topsy’s Fun House,https://www.yelp.com/biz/topsys-fun-house-san-francisco?osq=tacos
SAM’s Diner,https://www.yelp.com/biz/sams-diner-san-francisco?osq=tacos
The Hall,https://www.yelp.com/biz/the-hall-san-francisco?osq=tacos
Tonight Soju Bar,https://www.yelp.com/biz/tonight-soju-bar-san-francisco?osq=tacos
Anzu Restaurant & Bar,https://www.yelp.com/biz/anzu-restaurant-and-bar-san-francisco-3?osq=tacos
Domo,https://www.yelp.com/biz/domo-san-francisco?osq=tacos
Sessions at the Presidio,https://www.yelp.com/biz/sessions-at-the-presidio-san-francisco?osq=tacos
Red Door Cafe,https://www.yelp.com/biz/red-door-cafe-san-francisco-3?osq=tacos
La Parrilla Grill,https://www.yelp.com/biz/la-parrilla-grill-san-francisco-7?osq=tacos
Overtime Sports Bar & Restaurant,https://www.yelp.com/biz/overtime-sports-bar-and-restaurant-san-francisco?osq=tacos
Choco Taco Truck,https://www.yelp.com/biz/choco-taco-truck-san-francisco?osq=tacos
Destino,https://www.yelp.com/biz/destino-san-francisco-3?osq=tacos
The Blue Light,https://www.yelp.com/biz/the-blue-light-san-francisco-2?osq=tacos
La Jefa Taco Truck,https://www.yelp.com/biz/la-jefa-taco-truck-san-francisco-4?osq=tacos
La Tapatia Mexicatessen,https://www.yelp.com/biz/la-tapatia-mexicatessen-south-san-francisco?osq=tacos
Barebottle Brewing Company,https://www.yelp.com/biz/barebottle-brewing-company-san-francisco?osq=tacos
Bodega,https://www.yelp.com/biz/bodega-san-francisco-2?osq=tacos
The Market,https://www.yelp.com/biz/the-market-san-francisco?osq=tacos
Lucky Strike,https://www.yelp.com/biz/lucky-strike-san-francisco?osq=tacos
Jack In The Box,https://www.yelp.com/biz/jack-in-the-box-san-francisco?osq=tacos
The Taco Bike,https://www.yelp.com/biz/the-taco-bike-san-francisco?osq=tacos
Rincon Latino,https://www.yelp.com/biz/rincon-latino-san-francisco?osq=tacos
Off the Grid: UN Plaza,https://www.yelp.com/biz/off-the-grid-un-plaza-san-francisco-2?osq=tacos
El Palenque Taqueria,https://www.yelp.com/biz/el-palenque-taqueria-south-san-francisco?osq=tacos
Daisy’s Taqueria,https://www.yelp.com/biz/daisys-taqueria-brisbane-2?osq=tacos
El Calamar,https://www.yelp.com/biz/el-calamar-san-francisco-3?osq=tacos
Taqueria Celaya,https://www.yelp.com/biz/taqueria-celaya-south-san-francisco?osq=tacos
El Capitan Taqueria,https://www.yelp.com/biz/el-capitan-taqueria-san-francisco?osq=tacos
Marengo on Union,https://www.yelp.com/biz/marengo-on-union-san-francisco-2?osq=tacos
Garage Cafe,https://www.yelp.com/biz/garage-cafe-san-francisco?osq=tacos
Cellarmaker Brewing Company,https://www.yelp.com/biz/cellarmaker-brewing-company-san-francisco?osq=tacos
Dear Mom,https://www.yelp.com/biz/dear-mom-san-francisco?osq=tacos
CREAM,https://www.yelp.com/biz/cream-san-francisco-4?osq=tacos
Urban Fish,https://www.yelp.com/biz/urban-fish-san-francisco-2?osq=tacos
Irish Times,https://www.yelp.com/biz/irish-times-san-francisco-2?osq=tacos
Tres Truck,https://www.yelp.com/biz/tres-truck-san-francisco-4?osq=tacos
Pacific Catch,https://www.yelp.com/biz/pacific-catch-san-francisco-2?osq=tacos
Jack In The Box,https://www.yelp.com/biz/jack-in-the-box-san-francisco-5?osq=tacos
Tacos El Triunfo,https://www.yelp.com/biz/tacos-el-triunfo-san-francisco-2?osq=tacos
Presidio Picnic,https://www.yelp.com/biz/presidio-picnic-san-francisco-2?osq=tacos
Saylor’s Restaurant & Bar,https://www.yelp.com/biz/saylors-restaurant-and-bar-sausalito?osq=tacos
El Palenque Taqueria,https://www.yelp.com/biz/el-palenque-taqueria-south-san-francisco?osq=tacos
Chipotle Mexican Grill,https://www.yelp.com/biz/chipotle-mexican-grill-san-francisco-3?osq=tacos
Irish Times,https://www.yelp.com/biz/irish-times-san-francisco-2?osq=tacos
Seed + Salt,https://www.yelp.com/biz/seed-salt-san-francisco?osq=tacos
Marengo on Union,https://www.yelp.com/biz/marengo-on-union-san-francisco-2?osq=tacos
Taqueria Angelica’s,https://www.yelp.com/biz/taqueria-angelicas-san-bruno?osq=tacos
Taqueria Mi Durango,https://www.yelp.com/biz/taqueria-mi-durango-san-bruno?osq=tacos
Taqueria La Venganza,https://www.yelp.com/biz/taqueria-la-venganza-oakland?osq=tacos
All Star Tamales,https://www.yelp.com/biz/all-star-tamales-san-francisco-2?osq=tacos
Paragon,https://www.yelp.com/biz/paragon-san-francisco-2?osq=tacos
Mestiza Taqueria,https://www.yelp.com/biz/mestiza-taqueria-san-francisco?osq=tacos
Off the Cove,https://www.yelp.com/biz/off-the-cove-san-francisco?osq=tacos
The Yard at Mission Rock,https://www.yelp.com/biz/the-yard-at-mission-rock-san-francisco?osq=tacos
Early Bird Tacos,https://www.yelp.com/biz/early-bird-tacos-san-francisco?osq=tacos
Taco Los Altos Catering,https://www.yelp.com/biz/taco-los-altos-catering-san-francisco?osq=tacos
Brass Knuckle,https://www.yelp.com/biz/brass-knuckle-san-francisco?osq=tacos
Taqueria Las Pencas,https://www.yelp.com/biz/taqueria-las-pencas-south-san-francisco-4?osq=tacos
Green Chile Kitchen,https://www.yelp.com/biz/green-chile-kitchen-san-francisco?osq=tacos
Rhea’s Cafe,https://www.yelp.com/biz/rheas-cafe-san-francisco?osq=tacos
Taqueria Angelica’s,https://www.yelp.com/biz/taqueria-angelicas-san-francisco-2?osq=tacos
The Store On the Corner,https://www.yelp.com/biz/the-store-on-the-corner-san-francisco?osq=tacos
Taqueria La Morena,https://www.yelp.com/biz/taqueria-la-morena-south-san-francisco?osq=tacos
Voodoo Van,https://www.yelp.com/biz/voodoo-van-san-francisco?osq=tacos
Restaurant Pupuseria Ilobasco,https://www.yelp.com/biz/restaurant-pupuseria-ilobasco-san-francisco?osq=tacos
Taqueria Maria,https://www.yelp.com/biz/taqueria-maria-daly-city?osq=tacos
Taqueria Angelica’s,https://www.yelp.com/biz/taqueria-angelicas-san-francisco-2?osq=tacos
Taqueria La Morena,https://www.yelp.com/biz/taqueria-la-morena-south-san-francisco?osq=tacos
Voodoo Van,https://www.yelp.com/biz/voodoo-van-san-francisco?osq=tacos
Taqueria Maria,https://www.yelp.com/biz/taqueria-maria-daly-city?osq=tacos
Quereme,https://www.yelp.com/biz/quereme-san-francisco?osq=tacos
The Corner Spot,https://www.yelp.com/biz/the-corner-spot-san-francisco?osq=tacos
The Plant Cafe Organic,https://www.yelp.com/biz/the-plant-cafe-organic-san-francisco-4?osq=tacos
The Phoenix Bar & Irish Gathering House,https://www.yelp.com/biz/the-phoenix-bar-and-irish-gathering-house-san-francisco?osq=tacos
Prosper,https://www.yelp.com/biz/prosper-san-francisco-5?osq=tacos
Capurro’s,https://www.yelp.com/biz/capurros-san-francisco?osq=tacos
Hollow Cow,https://www.yelp.com/biz/hollow-cow-san-francisco?osq=tacos
Off The Grid: Stonestown Galleria,https://www.yelp.com/biz/off-the-grid-stonestown-galleria-san-francisco?osq=tacos
Mi Yucatan,https://www.yelp.com/biz/mi-yucatan-san-francisco?osq=tacos
Heartbaker,https://www.yelp.com/biz/heartbaker-san-francisco?osq=tacos
Marthita’s Restaurant,https://www.yelp.com/biz/marthitas-restaurant-san-francisco?osq=tacos
Bergerac,https://www.yelp.com/biz/bergerac-san-francisco?osq=tacos
The Old Ship Saloon,https://www.yelp.com/biz/the-old-ship-saloon-san-francisco?osq=tacos
Mora Taco Truck,https://www.yelp.com/biz/mora-taco-truck-san-francisco?osq=tacos
Guerilla Catering,https://www.yelp.com/biz/guerilla-catering-san-francisco?osq=tacos
Lou’s Fish Shack,https://www.yelp.com/biz/lous-fish-shack-san-francisco?osq=tacos
The Old Ship Saloon,https://www.yelp.com/biz/the-old-ship-saloon-san-francisco?osq=tacos
Tacos Mi Rancho,https://www.yelp.com/biz/tacos-mi-rancho-oakland?osq=tacos
Guerrero’s Taqueria 2,https://www.yelp.com/biz/guerreros-taqueria-2-pacifica?osq=tacos
Namu Street Food,https://www.yelp.com/biz/namu-street-food-san-francisco?osq=tacos
The Taco Panzon,https://www.yelp.com/biz/the-taco-panzon-oakland?osq=tacos
Boudin Sourdough Bakery & Cafe,https://www.yelp.com/biz/boudin-sourdough-bakery-and-cafe-san-francisco-3?osq=tacos
Pica Pica Arepa Kitchen,https://www.yelp.com/biz/pica-pica-arepa-kitchen-san-francisco?osq=tacos
As Quoted,https://www.yelp.com/biz/as-quoted-san-francisco?osq=tacos
TAP415,https://www.yelp.com/biz/tap415-san-francisco?osq=tacos
Sabor De San Miguel,https://www.yelp.com/biz/sabor-de-san-miguel-san-francisco?osq=tacos
Mr. Pollo,https://www.yelp.com/biz/mr-pollo-daly-city?osq=tacos
Los Compadres Taco Truck,https://www.yelp.com/biz/los-compadres-taco-truck-san-francisco-5?osq=tacos
San Buena Taco Truck,https://www.yelp.com/biz/san-buena-taco-truck-san-francisco-3?osq=tacos
Los Metates,https://www.yelp.com/biz/los-metates-south-san-francisco?osq=tacos
Taqueria Angelica’s,https://www.yelp.com/biz/taqueria-angelicas-san-bruno?osq=tacos
Daisy’s Taqueria,https://www.yelp.com/biz/daisys-taqueria-brisbane-2?osq=tacos
Cava 22,https://www.yelp.com/biz/cava-22-san-francisco?osq=tacos
Sabor De San Miguel,https://www.yelp.com/biz/sabor-de-san-miguel-san-francisco?osq=tacos
Belly,https://www.yelp.com/biz/belly-oakland-2?osq=tacos
MaSo,https://www.yelp.com/biz/maso-san-francisco?osq=tacos
Kezar Pub,https://www.yelp.com/biz/kezar-pub-san-francisco-2?osq=tacos
Los Metates,https://www.yelp.com/biz/los-metates-south-san-francisco?osq=tacos
Taqueria Angelica’s,https://www.yelp.com/biz/taqueria-angelicas-san-bruno?osq=tacos
Los Banos El Pedro’s Cantina,https://www.yelp.com/biz/los-banos-el-pedros-cantina-san-francisco?osq=tacos
Cava 22,https://www.yelp.com/biz/cava-22-san-francisco?osq=tacos
Belly,https://www.yelp.com/biz/belly-oakland-2?osq=tacos
Perry’s,https://www.yelp.com/biz/perrys-san-francisco-6?osq=tacos
La Victoria Mexican Bakery & Cafe,https://www.yelp.com/biz/la-victoria-mexican-bakery-and-cafe-san-francisco?osq=tacos
Taqueria Girasol La Paz,https://www.yelp.com/biz/taqueria-girasol-la-paz-san-francisco?osq=tacos
El Toro Loco,https://www.yelp.com/biz/el-toro-loco-pacifica-2?osq=tacos
Chowder Hut Fresh Grill,https://www.yelp.com/biz/chowder-hut-fresh-grill-san-francisco?osq=tacos
Taqueria Mi Durango,https://www.yelp.com/biz/taqueria-mi-durango-san-bruno?osq=tacos
Perry’s,https://www.yelp.com/biz/perrys-san-francisco-6?osq=tacos
Bistro Boudin,https://www.yelp.com/biz/bistro-boudin-san-francisco?osq=tacos
Bayshore Farmer’s Market,https://www.yelp.com/biz/bayshore-farmers-market-san-francisco?osq=tacos
Calafia Taqueria,https://www.yelp.com/biz/calafia-taqueria-alameda?osq=tacos
La Mordida Taqueria,https://www.yelp.com/biz/la-mordida-taqueria-pacifica?osq=tacos
Guerrilla Tacos,https://www.yelp.com/biz/guerrilla-tacos-san-francisco?osq=tacos
Roy’s Restaurant,https://www.yelp.com/biz/roys-restaurant-san-francisco-3?osq=tacos
The Royal Exchange,https://www.yelp.com/biz/the-royal-exchange-san-francisco-2?osq=tacos
Off The Grid: McCoppin Hub,https://www.yelp.com/biz/off-the-grid-mccoppin-hub-san-francisco-5?osq=tacos
Pico de Gap Taco Truck,https://www.yelp.com/biz/pico-de-gap-taco-truck-san-francisco?osq=tacos
Sam’s Chowder Mobile,https://www.yelp.com/biz/sams-chowder-mobile-san-francisco-3?osq=tacos
Marengo On the Alley,https://www.yelp.com/biz/marengo-on-the-alley-san-francisco?osq=tacos
Nopalito Catering,https://www.yelp.com/biz/nopalito-catering-san-francisco-2?osq=tacos
Ruddy’s Taco Truck,https://www.yelp.com/biz/ruddys-taco-truck-san-bruno?osq=tacos
Kezar Bar & Restaurant,https://www.yelp.com/biz/kezar-bar-and-restaurant-san-francisco?osq=tacos
Fresca,https://www.yelp.com/biz/fresca-san-francisco-2?osq=tacos
Zazil,https://www.yelp.com/biz/zazil-san-francisco?osq=tacos
Tacos Sinaloa,https://www.yelp.com/biz/tacos-sinaloa-oakland-4?osq=tacos
Tacos Sinaloa,https://www.yelp.com/biz/tacos-sinaloa-oakland-4?osq=tacos
RM 212,https://www.yelp.com/biz/rm-212-san-francisco?osq=tacos
The Buccaneer,https://www.yelp.com/biz/the-buccaneer-san-francisco?osq=tacos
Cafe Golo,https://www.yelp.com/biz/cafe-golo-san-francisco?osq=tacos
Zazil,https://www.yelp.com/biz/zazil-san-francisco?osq=tacos
Parkside Tavern,https://www.yelp.com/biz/parkside-tavern-san-francisco?osq=tacos
Casa Mexicana,https://www.yelp.com/biz/casa-mexicana-san-francisco-2?osq=tacos
Fresca,https://www.yelp.com/biz/fresca-san-francisco-4?osq=tacos
The Barrel Room,https://www.yelp.com/biz/the-barrel-room-san-francisco-3?osq=tacos
Restaurant Pupuseria Ilobasco,https://www.yelp.com/biz/restaurant-pupuseria-ilobasco-san-francisco?osq=tacos
Casa Mexicana,https://www.yelp.com/biz/casa-mexicana-san-francisco-2?osq=tacos
Cafe Durango,https://www.yelp.com/biz/cafe-durango-daly-city?osq=tacos
Chipotle Mexican Grill,https://www.yelp.com/biz/chipotle-mexican-grill-san-francisco-10?osq=tacos
Casa Lucas Market,https://www.yelp.com/biz/casa-lucas-market-san-francisco-2?osq=tacos
Chipotle Mexican Grill,https://www.yelp.com/biz/chipotle-mexican-grill-san-francisco-7?osq=tacos
Curry Up Now,https://www.yelp.com/biz/curry-up-now-san-francisco-5?osq=tacos
Curry Up Now,https://www.yelp.com/biz/curry-up-now-san-francisco-8?osq=tacos
Judahlicious,https://www.yelp.com/biz/judahlicious-san-francisco?osq=tacos
Best Coast Burritos,https://www.yelp.com/biz/best-coast-burritos-emeryville?osq=tacos
Boudin Bakery & Cafe,https://www.yelp.com/biz/boudin-bakery-and-cafe-san-francisco-7?osq=tacos
Boudin Bakery & Cafe,https://www.yelp.com/biz/boudin-bakery-and-cafe-san-francisco-7?osq=tacos
Novela,https://www.yelp.com/biz/novela-san-francisco-2?osq=tacos
Bender’s Bar and Grill,https://www.yelp.com/biz/benders-bar-and-grill-san-francisco?osq=tacos
Los Shucos Latin Hot Dogs,https://www.yelp.com/biz/los-shucos-latin-hot-dogs-san-francisco-3?osq=tacos
Boudin Bakery & Cafe,https://www.yelp.com/biz/boudin-bakery-and-cafe-san-francisco-10?osq=tacos
Library Bar,https://www.yelp.com/biz/library-bar-san-francisco?osq=tacos
Fog City,https://www.yelp.com/biz/fog-city-san-francisco-2?osq=tacos
Cosecha,https://www.yelp.com/biz/cosecha-oakland?osq=tacos
Montecristo Restaurant,https://www.yelp.com/biz/montecristo-restaurant-san-francisco?osq=tacos
Black Sands,https://www.yelp.com/biz/black-sands-san-francisco-5?osq=tacos
MaSo,https://www.yelp.com/biz/maso-san-francisco?osq=tacos
Pete’s Tavern,https://www.yelp.com/biz/petes-tavern-san-francisco?osq=tacos
La Torta Sabrosa,https://www.yelp.com/biz/la-torta-sabrosa-south-san-francisco-2?osq=tacos
Library Bar,https://www.yelp.com/biz/library-bar-san-francisco?osq=tacos
Taqueria La Venganza,https://www.yelp.com/biz/taqueria-la-venganza-oakland?osq=tacos
Pier 23 Cafe,https://www.yelp.com/biz/pier-23-cafe-san-francisco?osq=tacos
Black Sands,https://www.yelp.com/biz/black-sands-san-francisco-5?osq=tacos
El Burrito Express Catering,https://www.yelp.com/biz/el-burrito-express-catering-san-francisco?osq=tacos
Anzu Restaurant & Bar,https://www.yelp.com/biz/anzu-restaurant-and-bar-san-francisco-3?osq=tacos
Black Bull Tacos Y Cerveza,https://www.yelp.com/biz/black-bull-tacos-y-cerveza-alameda?osq=tacos
Black Bull Tacos Y Cerveza,https://www.yelp.com/biz/black-bull-tacos-y-cerveza-alameda?osq=tacos
Early Bird Tacos,https://www.yelp.com/biz/early-bird-tacos-san-francisco?osq=tacos
We Sushi,https://www.yelp.com/biz/we-sushi-san-francisco?osq=tacos
Joe’s Taco Lounge & Salsa,https://www.yelp.com/biz/joes-taco-lounge-and-salsa-mill-valley?osq=tacos
Paragon,https://www.yelp.com/biz/paragon-san-francisco-2?osq=tacos
Taqueria El Mexicano Taco Truck,https://www.yelp.com/biz/taqueria-el-mexicano-taco-truck-south-san-francisco?osq=tacos
Golden Gate Tap Room,https://www.yelp.com/biz/golden-gate-tap-room-san-francisco?osq=tacos
Cafe La Taza,https://www.yelp.com/biz/cafe-la-taza-san-francisco-2?osq=tacos
Fiesta Tacos,https://www.yelp.com/biz/fiesta-tacos-san-francisco?osq=tacos
Cholita Linda,https://www.yelp.com/biz/cholita-linda-oakland?osq=tacos
Latin Grill - Temp. CLOSED,https://www.yelp.com/biz/latin-grill-san-francisco?osq=tacos
Cholita Linda,https://www.yelp.com/biz/cholita-linda-oakland?osq=tacos
La Nueva Perla,https://www.yelp.com/biz/la-nueva-perla-south-san-francisco?osq=tacos
Bacon Bacon,https://www.yelp.com/biz/bacon-bacon-san-francisco-4?osq=tacos
Avedano’s Holly Park Market,https://www.yelp.com/biz/avedanos-holly-park-market-san-francisco-2?osq=tacos
Taco Los Altos Catering,https://www.yelp.com/biz/taco-los-altos-catering-san-francisco?osq=tacos
Tacos El Rey Taco Truck,https://www.yelp.com/biz/tacos-el-rey-taco-truck-berkeley?osq=tacos
Tacos El Autlense,https://www.yelp.com/biz/tacos-el-autlense-albany?osq=tacos
Roka Akor,https://www.yelp.com/biz/roka-akor-san-francisco-4?osq=tacos
El Charro,https://www.yelp.com/biz/el-charro-san-francisco-2?osq=tacos
El Charro,https://www.yelp.com/biz/el-charro-san-francisco-2?osq=tacos
Waterbar,https://www.yelp.com/biz/waterbar-san-francisco?osq=tacos
Indilicious Cart,https://www.yelp.com/biz/indilicious-cart-san-francisco?osq=tacos
Island Taqueria,https://www.yelp.com/biz/island-taqueria-alameda?osq=tacos
La Perla Taco Truck,https://www.yelp.com/biz/la-perla-taco-truck-oakland?osq=tacos
Mariscos El Pariente,https://www.yelp.com/biz/mariscos-el-pariente-san-bruno?osq=tacos
CHICA Oakland,https://www.yelp.com/biz/chica-oakland-oakland-2?osq=tacos
Sabella & La Torre,https://www.yelp.com/biz/sabella-and-la-torre-san-francisco?osq=tacos
Social Kitchen & Brewery,https://www.yelp.com/biz/social-kitchen-and-brewery-san-francisco?osq=tacos
Juanita’s Tacos Estilo Mezcala,https://www.yelp.com/biz/juanitas-tacos-estilo-mezcala-south-san-francisco?osq=tacos
Hi Dive,https://www.yelp.com/biz/hi-dive-san-francisco?osq=tacos
American Lamb Jam,https://www.yelp.com/biz/american-lamb-jam-san-francisco?osq=tacos
Nueve Mexican Bar & Grill,https://www.yelp.com/biz/nueve-mexican-bar-and-grill-san-bruno-2?osq=tacos
El Rio,https://www.yelp.com/biz/el-rio-san-francisco?osq=tacos
Sabella & La Torre,https://www.yelp.com/biz/sabella-and-la-torre-san-francisco?osq=tacos
Sunset Reservoir Brewing Company,https://www.yelp.com/biz/sunset-reservoir-brewing-company-san-francisco?osq=tacos
The Plant Café Organic,https://www.yelp.com/biz/the-plant-caf%C3%A9-organic-san-francisco-10?osq=tacos
Perry’s,https://www.yelp.com/biz/perrys-san-francisco?osq=tacos
Naples Pizzarella,https://www.yelp.com/biz/naples-pizzarella-san-francisco?osq=tacos
CREAM,https://www.yelp.com/biz/cream-san-francisco-5?osq=tacos
Harry’s Bar,https://www.yelp.com/biz/harrys-bar-san-francisco?osq=tacos
Chipotle Mexican Grill,https://www.yelp.com/biz/chipotle-mexican-grill-san-francisco-19?osq=tacos
Simply Mochi,https://www.yelp.com/biz/simply-mochi-san-francisco?osq=tacos
Bubba Gump Shrimp,https://www.yelp.com/biz/bubba-gump-shrimp-san-francisco?osq=tacos
La Salsa,https://www.yelp.com/biz/la-salsa-san-francisco-3?osq=tacos
Pause Wine Bar,https://www.yelp.com/biz/pause-wine-bar-san-francisco?osq=tacos
The Green Enchilada,https://www.yelp.com/biz/the-green-enchilada-pacifica?osq=tacos
San Miguel,https://www.yelp.com/biz/san-miguel-san-francisco?osq=tacos
Tamarindo Antojeria,https://www.yelp.com/biz/tamarindo-antojeria-oakland?osq=tacos
Tacos Sinaloa,https://www.yelp.com/biz/tacos-sinaloa-berkeley?osq=tacos
Agave Uptown,https://www.yelp.com/biz/agave-uptown-oakland?osq=tacos
Fluffy’s Kitchen,https://www.yelp.com/biz/fluffys-kitchen-san-bruno?osq=tacos
The Yard at Mission Rock,https://www.yelp.com/biz/the-yard-at-mission-rock-san-francisco?osq=tacos
Tacubaya,https://www.yelp.com/biz/tacubaya-berkeley?osq=tacos
Las Palmeras Restaurant,https://www.yelp.com/biz/las-palmeras-restaurant-san-francisco?osq=tacos
SEAGLASS Restaurant,https://www.yelp.com/biz/seaglass-restaurant-san-francisco?osq=tacos
Level III Restaurant,https://www.yelp.com/biz/level-iii-restaurant-san-francisco?osq=tacos
El Tonayense,https://www.yelp.com/biz/el-tonayense-san-francisco-9?osq=tacos
Goza-Goza Taco Truck,https://www.yelp.com/biz/goza-goza-taco-truck-san-francisco-2?osq=tacos
Araujo’s Restaurant,https://www.yelp.com/biz/araujos-restaurant-san-bruno-2?osq=tacos
Avatar’s Restaurant,https://www.yelp.com/biz/avatars-restaurant-sausalito?osq=tacos
KFC,https://www.yelp.com/biz/kfc-san-francisco-23?osq=tacos
Tarantino’s Restaurant,https://www.yelp.com/biz/tarantinos-restaurant-san-francisco?osq=tacos
The Cheesecake Factory,https://www.yelp.com/biz/the-cheesecake-factory-san-francisco-2?osq=tacos
Mission Bowling Club,https://www.yelp.com/biz/mission-bowling-club-san-francisco?osq=tacos
Jack In The Box,https://www.yelp.com/biz/jack-in-the-box-san-francisco-3?osq=tacos
The Fly Trap,https://www.yelp.com/biz/the-fly-trap-san-francisco?osq=tacos
Mid City Market,https://www.yelp.com/biz/mid-city-market-san-francisco?osq=tacos
360 Degrees Gourmet World Grill,https://www.yelp.com/biz/360-degrees-gourmet-world-grill-san-francisco?osq=tacos
La Barca Jalisco,https://www.yelp.com/biz/la-barca-jalisco-south-san-francisco?osq=tacos
La Barca Jalisco,https://www.yelp.com/biz/la-barca-jalisco-south-san-francisco?osq=tacos
Woodhouse Fish Company,https://www.yelp.com/biz/woodhouse-fish-company-san-francisco?osq=tacos
Ole Ole Burrito Express,https://www.yelp.com/biz/ole-ole-burrito-express-oakland?osq=tacos
La Mission,https://www.yelp.com/biz/la-mission-berkeley?osq=tacos
Lucinda’s Mexican Food To Go,https://www.yelp.com/biz/lucindas-mexican-food-to-go-mill-valley?osq=tacos
Brickhouse Cafe,https://www.yelp.com/biz/brickhouse-cafe-san-francisco-2?osq=tacos
McKenzie’s Bar,https://www.yelp.com/biz/mckenzies-bar-san-francisco?osq=tacos
Oui Oui Macaron,https://www.yelp.com/biz/oui-oui-macaron-san-francisco?osq=tacos
Eclipse Kitchen & Bar,https://www.yelp.com/biz/eclipse-kitchen-and-bar-san-francisco-4?osq=tacos
Oui Chef,https://www.yelp.com/biz/oui-chef-san-francisco?osq=tacos
Taco Bell,https://www.yelp.com/biz/taco-bell-daly-city-4?osq=tacos
Los Cantaros Taqueria,https://www.yelp.com/biz/los-cantaros-taqueria-emeryville-2?osq=tacos
The Pub at Ghirardelli Square,https://www.yelp.com/biz/the-pub-at-ghirardelli-square-san-francisco-2?osq=tacos
Jeepsilog Food Truck,https://www.yelp.com/biz/jeepsilog-food-truck-san-francisco?osq=tacos
Guerrero’s Taqueria,https://www.yelp.com/biz/guerreros-taqueria-pacifica?osq=tacos
Las Palmeras Restaurant,https://www.yelp.com/biz/las-palmeras-restaurant-san-francisco?osq=tacos
Knockout,https://www.yelp.com/biz/knockout-san-francisco?osq=tacos
Cassave Restaurant and Taqueria,https://www.yelp.com/biz/cassave-restaurant-and-taqueria-emeryville-2?osq=tacos
Adam’s Grub Truck,https://www.yelp.com/biz/adams-grub-truck-san-francisco-2?osq=tacos
Hazel’s Kitchen,https://www.yelp.com/biz/hazels-kitchen-san-francisco?osq=tacos
Hazel’s Kitchen,https://www.yelp.com/biz/hazels-kitchen-san-francisco?osq=tacos
Molcajete Cocina Mexicana,https://www.yelp.com/biz/molcajete-cocina-mexicana-oakland?osq=tacos
Tacos Jerezanos,https://www.yelp.com/biz/tacos-jerezanos-emeryville?osq=tacos
El Faro Mexican Food,https://www.yelp.com/biz/el-faro-mexican-food-south-san-francisco?osq=tacos
Ole Ole Burrito Express,https://www.yelp.com/biz/ole-ole-burrito-express-oakland-3?osq=tacos
Nido,https://www.yelp.com/biz/nido-oakland?osq=tacos
SEAGLASS Restaurant,https://www.yelp.com/biz/seaglass-restaurant-san-francisco?osq=tacos
Anchor & Hope,https://www.yelp.com/biz/anchor-and-hope-san-francisco?osq=tacos
Monroe,https://www.yelp.com/biz/monroe-san-francisco?osq=tacos
Break Zone Tacos & Burritos,https://www.yelp.com/biz/break-zone-tacos-and-burritos-daly-city?osq=tacos
El Manantial Tacos,https://www.yelp.com/biz/el-manantial-tacos-oakland?osq=tacos
Anchor & Hope,https://www.yelp.com/biz/anchor-and-hope-san-francisco?osq=tacos
Folsom Street Foundry,https://www.yelp.com/biz/folsom-street-foundry-san-francisco?osq=tacos
Off the Cove,https://www.yelp.com/biz/off-the-cove-san-francisco?osq=tacos
Break Zone Tacos & Burritos,https://www.yelp.com/biz/break-zone-tacos-and-burritos-daly-city?osq=tacos
San Francisco Fish Company,https://www.yelp.com/biz/san-francisco-fish-company-san-francisco?osq=tacos
Score! Bar and Lounge,https://www.yelp.com/biz/score-bar-and-lounge-san-francisco?osq=tacos
Tacos Chavez,https://www.yelp.com/biz/tacos-chavez-emeryville?osq=tacos
Sanguchón Peruvian Food Truck,https://www.yelp.com/biz/sanguch%C3%B3n-peruvian-food-truck-san-francisco-7?osq=tacos
Awesome Little Taco Truck,https://www.yelp.com/biz/awesome-little-taco-truck-san-martin?osq=tacos
Awesome Little Taco Truck,https://www.yelp.com/biz/awesome-little-taco-truck-san-martin?osq=tacos
Un Cafecito,https://www.yelp.com/biz/un-cafecito-san-francisco?osq=tacos
Xolo,https://www.yelp.com/biz/xolo-oakland?osq=tacos
Agave Uptown,https://www.yelp.com/biz/agave-uptown-oakland?osq=tacos
JC’s Taco,https://www.yelp.com/biz/jcs-taco-san-jose?osq=tacos
Fluffy’s Kitchen,https://www.yelp.com/biz/fluffys-kitchen-san-bruno?osq=tacos
Bacon Bacon,https://www.yelp.com/biz/bacon-bacon-san-francisco-6?osq=tacos
Los Compadres Taco Truck,https://www.yelp.com/biz/los-compadres-taco-truck-san-francisco-5?osq=tacos
Onigilly,https://www.yelp.com/biz/onigilly-san-francisco-13?osq=tacos
Tacubaya,https://www.yelp.com/biz/tacubaya-berkeley?osq=tacos
The Candy Store,https://www.yelp.com/biz/the-candy-store-san-francisco?osq=tacos
Players Sports Grill & Arcade,https://www.yelp.com/biz/players-sports-grill-and-arcade-san-francisco?osq=tacos
Top Of The Mark,https://www.yelp.com/biz/top-of-the-mark-san-francisco?osq=tacos
Cigar Bar & Grill,https://www.yelp.com/biz/cigar-bar-and-grill-san-francisco?osq=tacos
Chug Pub,https://www.yelp.com/biz/chug-pub-san-francisco?osq=tacos
Thee Parkside,https://www.yelp.com/biz/thee-parkside-san-francisco?osq=tacos
Terrific Tours,https://www.yelp.com/biz/terrific-tours-san-francisco?osq=tacos
Tamaleria Azteca,https://www.yelp.com/biz/tamaleria-azteca-oakland-2?osq=tacos
Tacos El Ranchito Truck,https://www.yelp.com/biz/tacos-el-ranchito-truck-san-bruno?osq=tacos
Blind Cat,https://www.yelp.com/biz/blind-cat-san-francisco?osq=tacos
Blind Cat,https://www.yelp.com/biz/blind-cat-san-francisco?osq=tacos
The Chieftain Irish Pub & Restaurant,https://www.yelp.com/biz/the-chieftain-irish-pub-and-restaurant-san-francisco?osq=tacos
Harmonic Brewing,https://www.yelp.com/biz/harmonic-brewing-san-francisco?osq=tacos
Casa Latina,https://www.yelp.com/biz/casa-latina-berkeley-2?osq=tacos
Mission Pie,https://www.yelp.com/biz/mission-pie-san-francisco?osq=tacos
Taza Smoothies & Wraps,https://www.yelp.com/biz/taza-smoothies-and-wraps-san-francisco?osq=tacos
Tacos El Paisano,https://www.yelp.com/biz/tacos-el-paisano-san-francisco-5?osq=tacos
Chevys Fresh Mex,https://www.yelp.com/biz/chevys-fresh-mex-s-san-francisco?osq=tacos
Off the Grid,https://www.yelp.com/biz/off-the-grid-san-francisco-11?osq=tacos
Bottom of the Hill,https://www.yelp.com/biz/bottom-of-the-hill-san-francisco?osq=tacos
Level III Restaurant,https://www.yelp.com/biz/level-iii-restaurant-san-francisco?osq=tacos
Guacamole 61,https://www.yelp.com/biz/guacamole-61-berkeley?osq=tacos
Urbano Latino,https://www.yelp.com/biz/urbano-latino-oakland?osq=tacos
Clement Street Farmers Market,https://www.yelp.com/biz/clement-street-farmers-market-san-francisco?osq=tacos
El Paisa Taco Truck,https://www.yelp.com/biz/el-paisa-taco-truck-oakland?osq=tacos
McTeague’s Saloon,https://www.yelp.com/biz/mcteagues-saloon-san-francisco?osq=tacos
Chile Jalapeno Taqueria,https://www.yelp.com/biz/chile-jalapenos-taqueria-oakland?osq=tacos
Los Planes De Renderos Pupuseria,https://www.yelp.com/biz/los-planes-de-renderos-pupuseria-san-francisco?osq=tacos
Monterroso,https://www.yelp.com/biz/monterroso-oakland?osq=tacos
Cha Cha Cha,https://www.yelp.com/biz/cha-cha-cha-san-francisco-4?osq=tacos
Los Moles,https://www.yelp.com/biz/los-moles-emeryville-2?osq=tacos
Nickies,https://www.yelp.com/biz/nickies-san-francisco?osq=tacos
Cafe Reverie,https://www.yelp.com/biz/cafe-reverie-san-francisco?osq=tacos
McTeague’s Saloon,https://www.yelp.com/biz/mcteagues-saloon-san-francisco?osq=tacos
Lago Grill Taqueria,https://www.yelp.com/biz/lago-grill-taqueria-oakland?osq=tacos
Castagnola’s,https://www.yelp.com/biz/castagnolas-san-francisco?osq=tacos
Oola Restaurant & Bar,https://www.yelp.com/biz/oola-restaurant-and-bar-san-francisco?osq=tacos
Celia’s Mexican Restaurant,https://www.yelp.com/biz/celias-mexican-restaurant-daly-city?osq=tacos
El Farolito Bar,https://www.yelp.com/biz/el-farolito-bar-san-francisco?osq=tacos
Los Planes De Renderos Pupuseria,https://www.yelp.com/biz/los-planes-de-renderos-pupuseria-san-francisco?osq=tacos
Humphry Slocombe Ice Cream,https://www.yelp.com/biz/humphry-slocombe-ice-cream-san-francisco?osq=tacos
El Farolito Bar,https://www.yelp.com/biz/el-farolito-bar-san-francisco?osq=tacos
La Crema,https://www.yelp.com/biz/la-crema-albany-2?osq=tacos
Carlos Mejia’s Curbside Kitchen,https://www.yelp.com/biz/carlos-mejias-curbside-kitchen-sacramento?osq=tacos
Bob’s Donut & Pastry Shop,https://www.yelp.com/biz/bobs-donut-and-pastry-shop-san-francisco-2?osq=tacos
Teaspoon,https://www.yelp.com/biz/teaspoon-san-francisco?osq=tacos
Loncheria,https://www.yelp.com/biz/loncheria-oakland?osq=tacos
Prubechu,https://www.yelp.com/biz/prubechu-san-francisco?osq=tacos
V16 Sushi Lounge,https://www.yelp.com/biz/v16-sushi-lounge-san-francisco-4?osq=tacos
Taqueria La Familia,https://www.yelp.com/biz/taqueria-la-familia-berkeley-2?osq=tacos
SEAGLASS Restaurant,https://www.yelp.com/biz/seaglass-restaurant-san-francisco?osq=tacos
Subs on Hubs,https://www.yelp.com/biz/subs-on-hubs-san-francisco-2?osq=tacos
Korean Bobcha,https://www.yelp.com/biz/korean-bobcha-san-francisco-4?osq=tacos
La Barbacoa,https://www.yelp.com/biz/la-barbacoa-oakland?osq=tacos
Los Cántaros Restaurant And Taquería,https://www.yelp.com/biz/los-c%C3%A1ntaros-restaurant-and-taquer%C3%ADa-oakland-2?osq=tacos
Cancun Sabor Mexicano,https://www.yelp.com/biz/cancun-sabor-mexicano-berkeley-2?osq=tacos
Sol y Luna Taqueria,https://www.yelp.com/biz/sol-y-luna-taqueria-berkeley?osq=tacos
CREAM,https://www.yelp.com/biz/cream-san-francisco-5?osq=tacos
El Faro Mexican Food,https://www.yelp.com/biz/el-faro-mexican-food-south-san-francisco?osq=tacos
Lago Grill Taqueria,https://www.yelp.com/biz/lago-grill-taqueria-oakland?osq=tacos
La Copa Loca,https://www.yelp.com/biz/la-copa-loca-san-francisco-2?osq=tacos
Los Compadres,https://www.yelp.com/biz/los-compadres-south-san-francisco?osq=tacos
Plaza Garibaldy,https://www.yelp.com/biz/plaza-garibaldy-san-francisco?osq=tacos
Connecticut Yankee,https://www.yelp.com/biz/connecticut-yankee-san-francisco?osq=tacos
The Cantina,https://www.yelp.com/biz/the-cantina-mill-valley-2?osq=tacos
Jalisco Restaurant,https://www.yelp.com/biz/jalisco-restaurant-oakland?osq=tacos
Temple Nightclub,https://www.yelp.com/biz/temple-nightclub-san-francisco-2?osq=tacos
Calavera,https://www.yelp.com/biz/calavera-oakland?osq=tacos
Rinconcito Salvadoreno,https://www.yelp.com/biz/rinconcito-salvadoreno-san-francisco?osq=tacos
The Napper Tandy,https://www.yelp.com/biz/the-napper-tandy-san-francisco?osq=tacos
Asian Heritage Street Celebration,https://www.yelp.com/biz/asian-heritage-street-celebration-san-francisco-3?osq=tacos
Tacos El Guero,https://www.yelp.com/biz/tacos-el-guero-south-san-francisco?osq=tacos
Betty’s Taqueria,https://www.yelp.com/biz/bettys-taqueria-south-san-francisco?osq=tacos
Taqueria Barajitos Taco Truck,https://www.yelp.com/biz/taqueria-barajitos-taco-truck-oakland-2?osq=tacos
Chevys Fresh Mex,https://www.yelp.com/biz/chevys-fresh-mex-emeryville-4?osq=tacos
Tacos Rodriguez,https://www.yelp.com/biz/tacos-rodriguez-san-francisco-2?osq=tacos
Kelly’s Deli,https://www.yelp.com/biz/kellys-deli-colma?osq=tacos
Chipotle Mexican Grill,https://www.yelp.com/biz/chipotle-mexican-grill-alameda-2?osq=tacos
Fisherman’s Wharf Chowder and Crab Sidewalk Stands,https://www.yelp.com/biz/fishermans-wharf-chowder-and-crab-sidewalk-stands-san-francisco?osq=tacos
Bishop’s Tacos,https://www.yelp.com/biz/bishops-tacos-san-francisco?osq=tacos
Dianda’s Italian American Pastry,https://www.yelp.com/biz/diandas-italian-american-pastry-san-francisco?osq=tacos
Ken Tsang Private Chef & Catering,https://www.yelp.com/biz/ken-tsang-private-chef-and-catering-san-francisco?osq=tacos
Picante,https://www.yelp.com/biz/picante-berkeley?osq=tacos
Otaez Mexican Restaurant,https://www.yelp.com/biz/otaez-mexican-restaurant-alameda?osq=tacos
Taquiza La Rubia,https://www.yelp.com/biz/taquiza-la-rubia-riverbank-2?osq=tacos
Blue Plate,https://www.yelp.com/biz/blue-plate-san-francisco?osq=tacos
Anja Lee Catering,https://www.yelp.com/biz/anja-lee-catering-san-francisco?osq=tacos
Tijuana Restaurant,https://www.yelp.com/biz/tijuana-restaurant-oakland?osq=tacos
Workshop Cafe,https://www.yelp.com/biz/workshop-cafe-san-francisco?osq=tacos
Andale Mexican Restaurant,https://www.yelp.com/biz/andale-mexican-restaurant-san-francisco-3?osq=tacos
Azteca Market and Taqueria,https://www.yelp.com/biz/azteca-market-and-taqueria-san-francisco?osq=tacos
Taqueria Sinaloa,https://www.yelp.com/biz/taqueria-sinaloa-oakland-2?osq=tacos
Poki Time,https://www.yelp.com/biz/poki-time-san-francisco-12?osq=tacos
Ritual Coffee Roasters,https://www.yelp.com/biz/ritual-coffee-roasters-san-francisco-3?osq=tacos
robberbaron,https://www.yelp.com/biz/robberbaron-san-francisco?osq=tacos
Columbus Cafe,https://www.yelp.com/biz/columbus-cafe-san-francisco?osq=tacos
Rico’s Tacos / Marks Sinaloa,https://www.yelp.com/biz/ricos-tacos-marks-sinaloa-oakland?osq=tacos
Flying Pig Bistro Pub,https://www.yelp.com/biz/flying-pig-bistro-pub-san-francisco-2?osq=tacos
Coffee Bar,https://www.yelp.com/biz/coffee-bar-san-francisco?osq=tacos
El Patron Lonchera,https://www.yelp.com/biz/el-patron-lonchera-oakland?osq=tacos
An The Go,https://www.yelp.com/biz/an-the-go-san-francisco?osq=tacos
Ritual Coffee Roasters,https://www.yelp.com/biz/ritual-coffee-roasters-san-francisco-3?osq=tacos
Coffee Bar,https://www.yelp.com/biz/coffee-bar-san-francisco?osq=tacos
El Patron Lonchera,https://www.yelp.com/biz/el-patron-lonchera-oakland?osq=tacos
Le Regency,https://www.yelp.com/biz/le-regency-san-francisco?osq=tacos
Mr. Le’s Taco Truck,https://www.yelp.com/biz/mr-les-taco-truck-oakland?osq=tacos
Flying Pig Bistro Pub,https://www.yelp.com/biz/flying-pig-bistro-pub-san-francisco-2?osq=tacos
Sun Rise Restaurant,https://www.yelp.com/biz/sun-rise-restaurant-san-francisco-2?osq=tacos
La Barbacoa,https://www.yelp.com/biz/la-barbacoa-oakland?osq=tacos
Playa,https://www.yelp.com/biz/playa-mill-valley?osq=tacos
Standard Deviant Brewing,https://www.yelp.com/biz/standard-deviant-brewing-san-francisco?osq=tacos
Taco Bell,https://www.yelp.com/biz/taco-bell-daly-city-8?osq=tacos
An The Go,https://www.yelp.com/biz/an-the-go-san-francisco?osq=tacos
Fresco Mexican Grill,https://www.yelp.com/biz/fresco-mexican-grill-berkeley-2?osq=tacos
El Ranchito,https://www.yelp.com/biz/el-ranchito-south-san-francisco-2?osq=tacos
Trader Joe’s,https://www.yelp.com/biz/trader-joes-san-francisco-11?osq=tacos
Creperie Saint Germain,https://www.yelp.com/biz/creperie-saint-germain-san-francisco-12?osq=tacos
Le Regency,https://www.yelp.com/biz/le-regency-san-francisco?osq=tacos
Cha Cha Cha,https://www.yelp.com/biz/cha-cha-cha-san-francisco?osq=tacos
Pollo Campero,https://www.yelp.com/biz/pollo-campero-san-francisco?osq=tacos
Gordo Taqueria,https://www.yelp.com/biz/gordo-taqueria-berkeley?osq=tacos
Sun Rise Restaurant,https://www.yelp.com/biz/sun-rise-restaurant-san-francisco-2?osq=tacos
Rosario Restaurant,https://www.yelp.com/biz/rosario-restaurant-san-francisco-2?osq=tacos
Taqueria Barajitas Taco Truck,https://www.yelp.com/biz/taqueria-barajitas-taco-truck-oakland-2?osq=tacos
Trader Joe’s,https://www.yelp.com/biz/trader-joes-san-francisco-11?osq=tacos
Tart To Tart,https://www.yelp.com/biz/tart-to-tart-san-francisco?osq=tacos
Creperie Saint Germain,https://www.yelp.com/biz/creperie-saint-germain-san-francisco-12?osq=tacos
Roli Roti Gourmet Rotisserie,https://www.yelp.com/biz/roli-roti-gourmet-rotisserie-san-francisco?osq=tacos
Park Chalet Coastal Beer Garden,https://www.yelp.com/biz/park-chalet-coastal-beer-garden-san-francisco?osq=tacos
Goza-Goza Taco Truck,https://www.yelp.com/biz/goza-goza-taco-truck-san-francisco-2?osq=tacos
Creperie Saint Germain,https://www.yelp.com/biz/creperie-saint-germain-san-francisco-12?osq=tacos
Park Chalet Coastal Beer Garden,https://www.yelp.com/biz/park-chalet-coastal-beer-garden-san-francisco?osq=tacos
Ichido,https://www.yelp.com/biz/ichido-san-francisco-6?osq=tacos
Del Popolo,https://www.yelp.com/biz/del-popolo-san-francisco-8?osq=tacos
NightLife,https://www.yelp.com/biz/nightlife-san-francisco-4?osq=tacos
Upper Cut,https://www.yelp.com/biz/upper-cut-south-san-francisco?osq=tacos
7-Eleven,https://www.yelp.com/biz/7-eleven-san-francisco-14?osq=tacos
Popeyes Chicken & Biscuits,https://www.yelp.com/biz/popeyes-chicken-and-biscuits-san-francisco-5?osq=tacos
TCB Courier,https://www.yelp.com/biz/tcb-courier-san-francisco?osq=tacos
McCalls Catering & Events,https://www.yelp.com/biz/mccalls-catering-and-events-san-francisco?osq=tacos
Laurel Court Restaurant & Bar,https://www.yelp.com/biz/laurel-court-restaurant-and-bar-san-francisco-4?osq=tacos
NightLife,https://www.yelp.com/biz/nightlife-san-francisco-4?osq=tacos
The View,https://www.yelp.com/biz/the-view-san-francisco-2?osq=tacos
El Grullo Taco Truck,https://www.yelp.com/biz/el-grullo-taco-truck-oakland?osq=tacos
High Tech Burrito,https://www.yelp.com/biz/high-tech-burrito-mill-valley?osq=tacos
La Paloma,https://www.yelp.com/biz/la-paloma-san-bruno?osq=tacos
The Fillmore,https://www.yelp.com/biz/the-fillmore-san-francisco?osq=tacos
The Siren Canteen,https://www.yelp.com/biz/the-siren-canteen-stinson-beach?osq=tacos
Cactus Taqueria,https://www.yelp.com/biz/cactus-taqueria-oakland?osq=tacos
El Agricultor Taco Truck,https://www.yelp.com/biz/el-agricultor-taco-truck-richmond?osq=tacos
Cactus Taqueria,https://www.yelp.com/biz/cactus-taqueria-oakland?osq=tacos
El Agricultor Taco Truck,https://www.yelp.com/biz/el-agricultor-taco-truck-richmond?osq=tacos
Taco Bell,https://www.yelp.com/biz/taco-bell-south-san-francisco-2?osq=tacos
Cafe La Taza,https://www.yelp.com/biz/cafe-la-taza-san-francisco?osq=tacos
KFC,https://www.yelp.com/biz/kfc-san-francisco-24?osq=tacos
Sea Lion Cafe,https://www.yelp.com/biz/sea-lion-cafe-san-francisco?osq=tacos
Eat On Monday,https://www.yelp.com/biz/eat-on-monday-mountain-view-3?osq=tacos
Biergarten,https://www.yelp.com/biz/biergarten-san-francisco?osq=tacos
Juan’s Place,https://www.yelp.com/biz/juans-place-berkeley?osq=tacos
Mi Lindo Jalisco,https://www.yelp.com/biz/mi-lindo-jalisco-oakland-3?osq=tacos
Tortillas Mexican Grill,https://www.yelp.com/biz/tortillas-mexican-grill-millbrae?osq=tacos
La Palmita Cafe,https://www.yelp.com/biz/la-palmita-cafe-berkeley?osq=tacos
El TacoBike,https://www.yelp.com/biz/el-tacobike-oakland?osq=tacos
La Salsa,https://www.yelp.com/biz/la-salsa-san-bruno?osq=tacos
Los Compadres TacoTruck,https://www.yelp.com/biz/los-compadres-tacotruck-oakland?osq=tacos
Casanova Lounge,https://www.yelp.com/biz/casanova-lounge-san-francisco?osq=tacos
Ez Taqueria,https://www.yelp.com/biz/ez-taqueria-oakland-3?osq=tacos
Tres Señoritas Gourmet Mexican Catering,https://www.yelp.com/biz/tres-se%C3%B1oritas-gourmet-mexican-catering-san-francisco-3?osq=tacos
Cancun Sabor Mexicano,https://www.yelp.com/biz/cancun-sabor-mexicano-berkeley-2?osq=tacos
Jane The Bakery,https://www.yelp.com/biz/jane-the-bakery-san-francisco?osq=tacos
Jane The Bakery,https://www.yelp.com/biz/jane-the-bakery-san-francisco?osq=tacos
D’Alicia’s Taqueria,https://www.yelp.com/biz/d-alicias-taqueria-emeryville?osq=tacos
Andale Mexican Restaurant,https://www.yelp.com/biz/andale-mexican-restaurant-san-francisco-4?osq=tacos
Lava Lounge,https://www.yelp.com/biz/lava-lounge-san-francisco?osq=tacos
The Beach Chalet Brewery & Restaurant,https://www.yelp.com/biz/the-beach-chalet-brewery-and-restaurant-san-francisco?osq=tacos
KFC,https://www.yelp.com/biz/kfc-san-francisco-4?osq=tacos
Taco Bell,https://www.yelp.com/biz/taco-bell-daly-city-5?osq=tacos
Izakaya KOU,https://www.yelp.com/biz/izakaya-kou-san-francisco?osq=tacos
Tres Señoritas Gourmet Mexican Catering,https://www.yelp.com/biz/tres-se%C3%B1oritas-gourmet-mexican-catering-san-francisco-3?osq=tacos
El Salva Mex,https://www.yelp.com/biz/el-salva-mex-el-cerrito?osq=tacos
The Beach Chalet Brewery & Restaurant,https://www.yelp.com/biz/the-beach-chalet-brewery-and-restaurant-san-francisco?osq=tacos
Fly Bar,https://www.yelp.com/biz/fly-bar-san-francisco?osq=tacos
TOGO’S Sandwiches,https://www.yelp.com/biz/togos-sandwiches-san-francisco-3?osq=tacos
Tacos El Primo,https://www.yelp.com/biz/tacos-el-primo-oakland?osq=tacos
Sol y Luna Taqueria,https://www.yelp.com/biz/sol-y-luna-taqueria-berkeley?osq=tacos
The Creamery,https://www.yelp.com/biz/the-creamery-san-francisco-3?osq=tacos
Jane The Bakery,https://www.yelp.com/biz/jane-the-bakery-san-francisco?osq=tacos
Lava Lounge,https://www.yelp.com/biz/lava-lounge-san-francisco?osq=tacos
Sorrento Catering,https://www.yelp.com/biz/sorrento-catering-san-francisco-2?osq=tacos
Taco Bell,https://www.yelp.com/biz/taco-bell-pacifica?osq=tacos
Taco Bell,https://www.yelp.com/biz/taco-bell-pacifica?osq=tacos
360 Degrees Gourmet Burritos,https://www.yelp.com/biz/360-degrees-gourmet-burritos-alameda?osq=tacos
La Penca Azul,https://www.yelp.com/biz/la-penca-azul-alameda-3?osq=tacos
Five Star Taco Catering,https://www.yelp.com/biz/five-star-taco-catering-san-jose?osq=tacos
Beretta,https://www.yelp.com/biz/beretta-san-francisco?osq=tacos
Bi-Rite Market,https://www.yelp.com/biz/bi-rite-market-san-francisco?osq=tacos
TOGO’S Sandwiches,https://www.yelp.com/biz/togos-sandwiches-san-francisco-3?osq=tacos
Asian Heritage Street Celebration,https://www.yelp.com/biz/asian-heritage-street-celebration-san-francisco-3?osq=tacos
3-Sum Eats Food Truck,https://www.yelp.com/biz/3-sum-eats-food-truck-san-francisco-2?osq=tacos
Jane Hammond Events,https://www.yelp.com/biz/jane-hammond-events-san-francisco?osq=tacos
Gordo Taqueria,https://www.yelp.com/biz/gordo-taqueria-albany?osq=tacos
Leaping Lemur Cafe,https://www.yelp.com/biz/leaping-lemur-cafe-san-francisco?osq=tacos
Antojeria Mexicana El Chilar,https://www.yelp.com/biz/antojeria-mexicana-el-chilar-oakland?osq=tacos
Taqueria La Bonita,https://www.yelp.com/biz/taqueria-la-bonita-oakland-2?osq=tacos
Beretta,https://www.yelp.com/biz/beretta-san-francisco?osq=tacos
HQ Bar & Restaurant,https://www.yelp.com/biz/hq-bar-and-restaurant-san-francisco-2?osq=tacos
Seven Hills,https://www.yelp.com/biz/seven-hills-san-francisco?osq=tacos
Asian Heritage Street Celebration,https://www.yelp.com/biz/asian-heritage-street-celebration-san-francisco-3?osq=tacos
Mayes Oyster House,https://www.yelp.com/biz/mayes-oyster-house-san-francisco?osq=tacos
Bootie SF,https://www.yelp.com/biz/bootie-sf-san-francisco?osq=tacos
3-Sum Eats Food Truck,https://www.yelp.com/biz/3-sum-eats-food-truck-san-francisco-2?osq=tacos
Bootie SF,https://www.yelp.com/biz/bootie-sf-san-francisco?osq=tacos
Iron & Gold,https://www.yelp.com/biz/iron-and-gold-san-francisco?osq=tacos
Bottom’s Up,https://www.yelp.com/biz/bottoms-up-san-francisco?osq=tacos
Chipotle Mexican Grill,https://www.yelp.com/biz/chipotle-mexican-grill-daly-city-2?osq=tacos
Ruddy’s Tacos,https://www.yelp.com/biz/ruddys-tacos-south-san-francisco-2?osq=tacos
Soma Supermarket,https://www.yelp.com/biz/soma-supermarket-san-francisco-2?osq=tacos
Shanghai Kelly’s,https://www.yelp.com/biz/shanghai-kellys-san-francisco?osq=tacos
Jack In the Box,https://www.yelp.com/biz/jack-in-the-box-san-francisco-10?osq=tacos
Brazen Head,https://www.yelp.com/biz/brazen-head-san-francisco?osq=tacos
Ruddy’s Tacos,https://www.yelp.com/biz/ruddys-tacos-south-san-francisco-2?osq=tacos
La Ciccia,https://www.yelp.com/biz/la-ciccia-san-francisco?osq=tacos
The Peaks Bar Noe Valley,https://www.yelp.com/biz/the-peaks-bar-noe-valley-san-francisco?osq=tacos
Giant Burrito,https://www.yelp.com/biz/giant-burrito-oakland-2?osq=tacos
Brazen Head,https://www.yelp.com/biz/brazen-head-san-francisco?osq=tacos
Death Guild,https://www.yelp.com/biz/death-guild-san-francisco-2?osq=tacos
Casa Guadalupe 3,https://www.yelp.com/biz/casa-guadalupe-3-san-francisco-2?osq=tacos
Taquizas El Guero,https://www.yelp.com/biz/taquizas-el-guero-oakland?osq=tacos
La Mar Cebichería Peruana,https://www.yelp.com/biz/la-mar-cebicher%C3%ADa-peruana-san-francisco-4?osq=tacos
Happy Burrito,https://www.yelp.com/biz/happy-burrito-oakland?osq=tacos
La Mar Cebichería Peruana,https://www.yelp.com/biz/la-mar-cebicher%C3%ADa-peruana-san-francisco-4?osq=tacos
Happy Burrito,https://www.yelp.com/biz/happy-burrito-oakland?osq=tacos
Capt Eddie Rickenbackers,https://www.yelp.com/biz/capt-eddie-rickenbackers-san-francisco-2?osq=tacos
Chile Lindo Empanadas,https://www.yelp.com/biz/chile-lindo-empanadas-san-francisco?osq=tacos
Broadway Burrito,https://www.yelp.com/biz/broadway-burrito-oakland?osq=tacos
Oye Managua,https://www.yelp.com/biz/oye-managua-san-francisco?osq=tacos
Fort Mason Center Farmer’s Market,https://www.yelp.com/biz/fort-mason-center-farmers-market-san-francisco?osq=tacos
Fisherman’s Wharf Chowder and Crab Sidewalk Stands,https://www.yelp.com/biz/fishermans-wharf-chowder-and-crab-sidewalk-stands-san-francisco?osq=tacos
Geary Club,https://www.yelp.com/biz/geary-club-san-francisco?osq=tacos
Gordo Taqueria,https://www.yelp.com/biz/gordo-taqueria-berkeley-2?osq=tacos
Crave,https://www.yelp.com/biz/crave-san-francisco-3?osq=tacos
Oye Managua,https://www.yelp.com/biz/oye-managua-san-francisco?osq=tacos
Happy Burrito 2,https://www.yelp.com/biz/happy-burrito-2-oakland?osq=tacos
All Star Tamales,https://www.yelp.com/biz/all-star-tamales-oakland?osq=tacos
Geary Club,https://www.yelp.com/biz/geary-club-san-francisco?osq=tacos
Coi,https://www.yelp.com/biz/coi-san-francisco?osq=tacos
The Greens Sports Bar,https://www.yelp.com/biz/the-greens-sports-bar-san-francisco?osq=tacos
La Burrita,https://www.yelp.com/biz/la-burrita-berkeley?osq=tacos
20 Spot,https://www.yelp.com/biz/20-spot-san-francisco?osq=tacos
Mexicali Rose Restaurant,https://www.yelp.com/biz/mexicali-rose-restaurant-oakland?osq=tacos
Waffle Mania Truck,https://www.yelp.com/biz/waffle-mania-truck-san-francisco?osq=tacos
Morton’s Bar 12-21,https://www.yelp.com/biz/mortons-bar-12-21-san-francisco?osq=tacos
Focaccia Market & Bakery,https://www.yelp.com/biz/focaccia-market-and-bakery-san-francisco-6?osq=tacos
Taco Bell,https://www.yelp.com/biz/taco-bell-oakland-6?osq=tacos
Mission Street Oyster Bar & Seafood Restaurant,https://www.yelp.com/biz/mission-street-oyster-bar-and-seafood-restaurant-san-francisco?osq=tacos
JapaCurry Truck,https://www.yelp.com/biz/japacurry-truck-san-francisco?osq=tacos
Beachside Coffee Bar & Kitchen,https://www.yelp.com/biz/beachside-coffee-bar-and-kitchen-san-francisco?osq=tacos
Limón Rotisserie,https://www.yelp.com/biz/lim%C3%B3n-rotisserie-san-francisco-4?osq=tacos
The Greens Sports Bar,https://www.yelp.com/biz/the-greens-sports-bar-san-francisco?osq=tacos
Perry’s,https://www.yelp.com/biz/perrys-san-francisco-9?osq=tacos
Jolt ‘n Bolt,https://www.yelp.com/biz/jolt-n-bolt-san-francisco-5?osq=tacos
Edinburgh Castle Pub,https://www.yelp.com/biz/edinburgh-castle-pub-san-francisco-2?osq=tacos
Waffle Mania Truck,https://www.yelp.com/biz/waffle-mania-truck-san-francisco?osq=tacos
The Tamale Lady,https://www.yelp.com/biz/the-tamale-lady-san-francisco?osq=tacos
Focaccia Market & Bakery,https://www.yelp.com/biz/focaccia-market-and-bakery-san-francisco-6?osq=tacos
Mission Street Oyster Bar & Seafood Restaurant,https://www.yelp.com/biz/mission-street-oyster-bar-and-seafood-restaurant-san-francisco?osq=tacos
Beachside Coffee Bar & Kitchen,https://www.yelp.com/biz/beachside-coffee-bar-and-kitchen-san-francisco?osq=tacos
Sprig,https://www.yelp.com/biz/sprig-san-francisco?osq=tacos
Perry’s,https://www.yelp.com/biz/perrys-san-francisco-9?osq=tacos
The Plant Cafe Organic,https://www.yelp.com/biz/the-plant-cafe-organic-san-francisco-17?osq=tacos
Cassave Mobile Taqueria,https://www.yelp.com/biz/cassave-mobile-taqueria-oakland-2?osq=tacos
The Plant Cafe Organic,https://www.yelp.com/biz/the-plant-cafe-organic-san-francisco-17?osq=tacos
Noe Valley Farmers Market,https://www.yelp.com/biz/noe-valley-farmers-market-san-francisco?osq=tacos
August 1 Five,https://www.yelp.com/biz/august-1-five-san-francisco?osq=tacos
Doña Tomás,https://www.yelp.com/biz/do%C3%B1a-tom%C3%A1s-oakland-5?osq=tacos
Rubio’s,https://www.yelp.com/biz/rubios-el-cerrito?osq=tacos
The Tamale Lady,https://www.yelp.com/biz/the-tamale-lady-san-francisco?osq=tacos
Gallego’s,https://www.yelp.com/biz/gallegos-berkeley?osq=tacos
Double Play Bar & Grill,https://www.yelp.com/biz/double-play-bar-and-grill-san-francisco?osq=tacos
Butter,https://www.yelp.com/biz/butter-san-francisco?osq=tacos
Betty’s Taqueria,https://www.yelp.com/biz/bettys-taqueria-south-san-francisco?osq=tacos
Haus Coffee,https://www.yelp.com/biz/haus-coffee-san-francisco?osq=tacos
The LookOut,https://www.yelp.com/biz/the-lookout-san-francisco?osq=tacos
The Burrito Truck,https://www.yelp.com/biz/the-burrito-truck-oakland?osq=tacos
Comal,https://www.yelp.com/biz/comal-berkeley?osq=tacos
Cease & Desist,https://www.yelp.com/biz/cease-and-desist-san-francisco?osq=tacos
Pissed Off Pete’s,https://www.yelp.com/biz/pissed-off-petes-san-francisco?osq=tacos
Joe’s Crab Shack,https://www.yelp.com/biz/joes-crab-shack-san-francisco?osq=tacos
Haight Street Market,https://www.yelp.com/biz/haight-street-market-san-francisco?osq=tacos
Paddy Wagon Sliders,https://www.yelp.com/biz/paddy-wagon-sliders-san-jose-11?osq=tacos
The LookOut,https://www.yelp.com/biz/the-lookout-san-francisco?osq=tacos
Celia’s Mexican Restaurant - San Bruno,https://www.yelp.com/biz/celias-mexican-restaurant-san-bruno-san-bruno?osq=tacos
Cactus Taqueria,https://www.yelp.com/biz/cactus-taqueria-berkeley?osq=tacos
Joe’s Crab Shack,https://www.yelp.com/biz/joes-crab-shack-san-francisco?osq=tacos
Pissed Off Pete’s,https://www.yelp.com/biz/pissed-off-petes-san-francisco?osq=tacos
Tia Maria Cafe,https://www.yelp.com/biz/tia-maria-cafe-oakland?osq=tacos
Chewse,https://www.yelp.com/biz/chewse-san-francisco?osq=tacos
Bayside Cafe,https://www.yelp.com/biz/bayside-cafe-san-francisco?osq=tacos
Exploratorium After Dark,https://www.yelp.com/biz/exploratorium-after-dark-san-francisco-2?osq=tacos
The Fish Tank Truck,https://www.yelp.com/biz/the-fish-tank-truck-san-francisco-2?osq=tacos
